OBJECTID,ID,NAME,ADDRESS,DEPARTMENT,INSTALL_YEAR,PS_14,PS_32,VDRVP_W_S,TOTAL_SITE_SERVERS,MONITOR,EXTERIOR_CAM,INTERIOR_CAM,PTZ_CAM,TOTAL_STATIONARY_CAM,TOTAL_SITE_CAMERA,TOTAL_SITE_CAMERA2,AVAILABLE_CAMERA_PORT,DESCRIPTION,X,Y,LATITUDE,LONGITUDE
24,14,CCTV- 14,12th St. and Constitution Ave. NW,DDOT,,,,,,,,,,,,,,DDOT CCTV,397569.5893,136027.5842,38.892096,-77.028025
25,15,CCTV- 15,13th St.  H St. and New York Ave. NW,DDOT,,,,,,,,,,,,,,DDOT CCTV,397432.2156,136942.3048,38.900275,-77.029626
26,351,Powell Elementary School,1350 UPSHUR STREET NW,DCPS,2003,0,1,0,1,1,2,12,0,14,14,32,18,DCPS,397292.79049768,141516.38999872,38.94153401,-77.03122742
27,352,Brightwood Elementary School,1300 NICHOLSON STREET NW,DCPS,2007,0,0,1,1,2,5,17,0,22,22,32,10,DCPS,397340.18949939,143625.69999795,38.96053539,-77.03068885
28,353,Sharpe Health Special Education School,4300 13TH STREET NW,DCPS,1999,2,0,0,2,2,4,12,0,16,38,28,12,DCPS,397358.66949447,141731.75999905,38.94347432,-77.03046834
29,412,CFSA @ 955 L'Enfant - Promanade Level& 5th Floor Suites,955 L'Enfant Promanade Level,PSD, , , , , , , , , , , , , , ,397827.43949969,135181.95000322,38.88447273,-77.02504025
30,413,Woodrow Wilson Senior High School,3950 CHESAPEAKE STREET NW,DCPS,2005,0,0,2,2,2,8,55,0,63,63,64,1,DCPS,393258.1795018,142475.95999837,38.95015639,-77.0777757
31,415,Deal Junior High School,3815 FORT DRIVE NW,DCPS,1999,0,1,0,1,2,3,25,0,28,145,32,4,DCPS,393481.78049661,142779.94000208,38.95289641,-77.07519906
32,16,CCTV- 16,13th St. and I St. NW,DDOT,,,,,,,,,,,,,,DDOT CCTV,397432.2508,137050.7111,38.901331,-77.029627
33,17,CCTV- 17,13th St. and K St. NW,DDOT,,,,,,,,,,,,,,DDOT CCTV,397432.2947,137186.219,38.902512,-77.029634
34,18,CCTV- 18,14 th & ConstitutionN.W.,DDOT,,,,,,,,,,,,,,DDOT CCTV,397241.2986,136027.6917,38.892116,-77.031785
35,19,CCTV- 19,14th and Independence St. N.W.,DDOT,,,,,,,,,,,,,,DDOT CCTV,397225.2426,135539.87,38.887615,-77.032038
36,427,Hyde Elementary School,3219 O STREET NW,DCPS,2003,0,1,0,1,1,2,12,0,14,14,32,18,DCPS,394402.36949319,137797.4799958,38.90801923,-77.06453782
37,431,Georgetown Recreation Center,3030 Q St. NW,DPR, , , , , , ,2,4,2, ,6, , ,DPR,394733.60050011,138049.06000413,38.9102876,-77.06072083
38,433,Oyster-Adams Bilingual School,2801 CALVERT STREET NW-2020 19th ST NW,DCPS,1999,2,0,0,2,1,8,20,0,28,28,28,0,DCPS,395039.59949274,139526.14999837,38.92359549,-77.05720338
39,438,1S,"I-395, CAMERA DIR - SOUTH",DDOT, , , , , , , , , , , , , , ,398737.80283713,136279.96637946,38.89436585,-77.0145497
40,439,4S,"I-395, CAMERA DIR - SOUTH",DDOT, , , , , , , , , , , , , , ,398768.80158126,136309.42799779,38.89463129,-77.01419243
41,440,12N,"I-395, CAMERA DIR - NORTH",DDOT, , , , , , , , , , , , , , ,398789.6287153,136210.53944174,38.8937405,-77.01395217
42,441,9N,"I-395, CAMERA DIR - NORTH",DDOT, , , , , , , , , , , , , , ,398776.87624757,136218.43382537,38.8938116,-77.01409918
43,442,5S,"I-395, CAMERA DIR - SOUTH",DDOT, , , , , , , , , , , , , , ,398767.7673417,136192.9288899,38.89358183,-77.01420414
44,20,CCTV- 20,14th St. and H St. NW,DDOT,,,,,,,,,,,,,,DDOT CCTV,397225.734,136942.3745,38.900207,-77.031962
45,21,CCTV- 21,14th St. and I St. NW,DDOT,,,,,,,,,,,,,,DDOT CCTV,397225.772,137050.7807,38.901331,-77.031956
46,22,CCTV- 22,14th St. and New York Ave. NW,DDOT,,,,,,,,,,,,,,DDOT CCTV,397230.9952,136847.5171,38.899434,-77.03195
47,23,CCTV- 23,14th St. and Park Rd. NW,DDOT,,,,,,,,,,,,,,DDOT CCTV,397163.3934,140269.1233,38.93031,-77.032745
48,24,CCTV- 24,14th Street and Pennsylvania Ave. N.W.,DDOT,,,,,,,,,,,,,,DDOT CCTV,397225.5702,136474.8726,38.896094,-77.031955
49,25,CCTV- 25,14th Street Bridge,DDOT,,,,,,,,,,,,,,DDOT CCTV,396414.5131,134340.9548,38.876828,-77.041306
50,443,2S,"I-395, CAMERA DIR - SOUTH",DDOT, , , , , , , , , , , , , , ,398750.1567923,136166.81669454,38.89334657,-77.01440709
51,444,3S,"I-395, CAMERA DIR - SOUTH",DDOT, , , , , , , , , , , , , , ,398750.1567923,136058.7243488,38.89237284,-77.01440689
52,445,8N,"I-395, CAMERA DIR - NORTH",DDOT, , , , , , , , , , , , , , ,398776.87624757,136107.91244,38.89281598,-77.01409899
53,446,11N,"I-395, CAMERA DIR - NORTH",DDOT, , , , , , , , , , , , , , ,398793.27227715,136098.19627423,38.89272847,-77.01390997
54,447,7N,"I-395, CAMERA DIR - NORTH",DDOT, , , , , , , , , , , , , , ,398777.68592744,136005.48785579,38.8918933,-77.01408947
55,448,10N,"I-395, CAMERA DIR - NORTH",DDOT, , , , , , , , , , , , , , ,398790.64081514,135986.05552425,38.89171827,-77.01394011
56,449,8S,"I-395, CAMERA DIR - SOUTH",DDOT, , , , , , , , , , , , , , ,398768.77944154,135857.31632714,38.8905585,-77.01419187
57,528,Peabody Elementary School,425 C STREET NE,DCPS,1999,0,1,0,1,1,4,10,0,14,14,32,18,DCPS,400012.32049291,136116.69999513,38.89289599,-76.99985798
58,529,Hendley Elementary School,425 CHESAPEAKE STREET SE,DCPS,1999,1,0,0,1,2,2,12,0,14,14,14,0,DCPS,400070.78050071,129022.18000311,38.82898558,-76.99918484
59,530,Jackie Robinson Center,821 HOWARD ROAD SE,DCPS, , , , , , , , , , , , , ,DPR,400169.36949788,132911.51000189,38.86402237,-76.99804846
60,510,Raymond Elementary School,915 SPRING ROAD NW,DCPS,2003,0,1,0,1,1,2,13,0,15,15,32,17,DCPS,397708.28049432,140880.94000267,38.93581087,-77.02643265
61,511,Garnet-Patterson Middle School,2001 10TH STREET NW,DCPS,1999,0,1,0,1,2,1,15,0,16,19,32,16,DCPS,397767.00049607,138853.22999819,38.91754477,-77.02574878
62,513,Truesdell Elementary School,800 INGRAHAM STREET NW,DCPS,1999,2,0,0,2,2,6,14,0,20,20,28,8,DCPS,397826.8404987,142896.54999832,38.95396836,-77.02507157
63,514,Shaw Junior High School,925 RHODE ISLAND AVENUE NW,DCPS,1999,0,1,0,1,1,3,11,0,14,32,32,18,DCPS,397835.15949743,138255.36000183,38.91215913,-77.02496095
64,515,Seaton Elementary School,1503 10TH STREET NW,DCPS,1999,1,0,0,1,2,4,10,0,14,14,14,0,DCPS,397841.91949581,138084.31999644,38.91061836,-77.02488247
65,517,School Without Walls Senior High School @ Emery,215 G STREET NE,DCPS,1999,2,0,0,2,2,0,16,0,16,53,28,12,DCPS,399777.43549407,136742.11499737,38.89852993,-77.00256571
66,51,CCTV- 51,21st St.  Pennsylvania Ave. and I St. NW,DDOT,,,,,,,,,,,,,,DDOT CCTV,395949.839,137051.3306,38.901335,-77.046676
67,52,CCTV- 52,21st St. and K St.N.W.,DDOT,,,,,,,,,,,,,,DDOT CCTV,395949.9187,137207.1646,38.902606,-77.046682
68,518,Shaed Elementary School,301 DOUGLAS STREET NE,DCPS,2003,0,1,0,1,1,3,11,0,14,19,32,18,DCPS,399779.05149674,139532.00800194,38.92366224,-77.00254798
69,0, ,14th Street and Park Road NW,DDOT, , , , , , , , , , , , , , ,0,0,0,0
70,0, ,East Capitol St and 19th St,DDOT, , , , , , , , , , , , , , ,0,0,0,0
71,0,Support Services,1325 S St. NW,DPR, , , , , , , , , , ,6, , , ,0,0,0,0
72,0,Guy Mason,3600 Calvert St. NW,DPR, , , , , , , , , , ,16, , , ,0,0,0,0
73,0, , , , , , , , , , , , , , , , , ,0,0,0,0
74,0,Wilson Recreation Center,"4551 Fort Drive, NW",DPR, , , , , , , , , , ,16, , ,DPR,0,0,0,0
75,0,Riggs LaSalle,501 Riggs Road NE,DPR, , , , , , , , , , ,16, , , ,0,0,0,0
76,0, , , , , , , , , , , , , , , , , ,0,0,0,0
77,0,Child Advocacy Center (Bundy School),"429 O St, NW",PSD, , , , , , ,10,14, , ,24, , , ,0,0,0,0
78,0,Child and Family Services,"3700 10th St, NW",PSD, , , , , , ,6,6, , ,12, , , ,0,0,0,0
79,0,Eastern Market,"225 7th St, SE",PSD, , , , , , ,0,7, , ,7, , , ,0,0,0,0
80,0,District Department of the Environment,"1200 1st St, NE",PSD, , , , , , ,0,11, , ,11, , ,DOEE,0,0,0,0
81,0,Ofc. of the State Superintendent of Ed.,"810 1st St, NE",PSD, , , , , , ,0,6, , ,6, , , ,0,0,0,0
82,0,Benning Terrace,4550 G Street SE,DCHA, , , , , , , , , , , , , , ,0,0,0,0
83,0,Hopkins Apartments,1430 L Street SE,DCHA, , , , , , , , , , , , , , ,0,0,0,0
84,0,Kentucky Courts,340 13th Street SE,DCHA, , , , , , , , , , , , , , ,0,0,0,0
85,0,Montana Terrace,"1625 Montana Ave, NE",DCHA, , , , , , , , , , , , , , ,0,0,0,0
86,0,Villager,"3810 Southern Ave, SE",DCHA, , , , , , , , , , , , , , ,0,0,0,0
87,508,Meyer Elementary School,2501 11TH STREET NW,DCPS,2003,0,1,0,1,1,3,11,0,14,46,32,18,DCPS,397694.0004928,139439.49999653,38.9228259,-77.02659252
88,0,Woodland Terrace,"2313 Ainger Place, SE",DCHA, , , , , , , , , , , , , , ,0,0,0,0
90,53,CCTV- 53,23rd & Constitution St. N.W.,DDOT,,,,,,,,,,,,,,DDOT CCTV,395652.795,136028.4044,38.892037,-77.05017
119,450,9S,"I-395, CAMERA DIR - SOUTH",DDOT, , , , , , , , , , , , , , ,398766.35040192,135742.34169761,38.88952277,-77.01421966
120,419,Hearst Elementary School,3950 37TH STREET NW,DCPS,2003,0,1,0,1,1,3,11,0,14,14,32,18,DCPS,393761.8894963,141428.27999643,38.94072231,-77.07195523
121,421,Duke Ellington Senior High School,3500 R STREET NW,DCPS,1999,0,1,0,1,2,1,15,0,16,22,32,16,DCPS,393902.40049624,138400.26999742,38.91344604,-77.07030756
122,422,Murch Elementary School,4810 36TH STREET NW,DCPS,2003,0,1,0,1,1,5,9,0,14,14,32,18,DCPS,393925.57050233,142783.67000397,38.95293319,-77.0700792
123,38,CCTV- 38,16th St. and Upshur St. N.W.,DDOT,,,,,,,,,,,,,,DDOT CCTV,396835.7932,141556.5806,38.941871,-77.036479
124,39,CCTV- 39,16th St. Harvard St. & Mt. Pleasant NW,DDOT,,,,,,,,,,,,,,DDOT CCTV,396845.6684,139781.4128,38.925858,-77.036462
125,40,CCTV- 40,16th Street and Alaska Ave. N.W.,DDOT,,,,,,,,,,,,,,DDOT CCTV,396863.703,145222.0969,38.974937,-77.036279
126,41,CCTV- 41,16th Street and Scott Circle N.W.,DDOT,,,,,,,,,,,,,,DDOT CCTV,396834.7827,139029.3455,38.919134,-77.036479
127,216,CCTV,700 block of 19th Str NW,MPD, , , , , , , , , , , , , ,Homeland Security,396171.42310046,136803.21150038,38.899072,-77.044136
128,218,CCTV,400 block of L’Enfant Plaza SW,MPD, , , , , , , , , , , , , ,Homeland Security,397762.50330087,135280.24020051,38.885358,-77.025789
129,220,CCTV,1100 block of Pennsylvania Ave NW,MPD, , , , , , , , , , , , , ,Homeland Security,397618.18359976,136317.6504001,38.894703,-77.027456
130,221,CCTV,1000 block of Nineteenth St North,MPD, , , , , , , , , , , , , ,Homeland Security,394035.44200013,136610.26819921,38.897322,-77.068758
131,222,CCTV,1000 block of Jefferson Dr SW,MPD, , , , , , , , , , , , , ,Homeland Security,397790.37519909,135667.87150101,38.88885,-77.025469
132,223,CCTV,500 block of North Capitol St NW,MPD, , , , , , , , , , , , , ,Homeland Security,399211.1148011,136539.34740071,38.896703,-77.009094
133,224,CCTV,300 block of Independence Ave SW,MPD, , , , , , , , , , , , , ,Homeland Security,398717.43179938,135462.63570119,38.887003,-77.014783
134,225,CCTV,700 block of 18th St NW,MPD, , , , , , , , , , , , , ,Homeland Security,396317.95529958,136845.99109931,38.899458,-77.042447
135,227,Gibbs Elementary School,500 19TH STREET NE,DCPS,1999,1,0,0,1,2,3,11,0,14,14,14,0,DCPS,401946.86949546,136540.64000433,38.89671284,-76.97755715
136,228,Langdon Elementary School,1900 EVARTS STREET NE,DCPS,2003,0,1,0,1,1,5,9,0,14,17,32,18,DCPS,401987.32050211,139647.88000421,38.92470383,-76.97708185
137,229,Orr Elementary School,2200 MINNESOTA AVENUE SE,DCPS,2003,0,1,0,1,1,3,11,0,14,14,32,18,DCPS,402214.2305011,133774.83999943,38.87179682,-76.97448401
138,42,CCTV- 42,17th St and Benning Rd NE,DDOT,,,,,,,,,,,,,,DDOT CCTV,401794.8234,136847.2364,38.899455,-76.979284
139,231,V Street HQ,3535 V Street NE,DCPS,1999, , , , , ,5,27, , ,32, , , ,403707.07049801,138929.8300015,38.91822983,-76.95725325
140,232,Young Elementary School,820 26TH STREET NE,DCPS,1999,2,0,0,2,2,2,12,0,14,14,28,14,DCPS,402496.78049941,137030.93000425,38.90112816,-76.97121618
141,233,Spingarn Center @ Spingarn Senior High School,2500 BENNING ROAD NE,DCPS, , , , , , ,4,24, , ,28, , ,DCPS,402516.70049841,136805.14999956,38.8990942,-76.97098736
142,234,Spingarn STAY Senior High School,2500 BENNING ROAD NE,DCPS, , , , , , , , , , , , , ,DCPS,402516.70049841,136805.14999956,38.8990942,-76.97098736
143,235,Spingarn Senior High School,2500 BENNING ROAD NE,DCPS,1999,0,1,0,1,2,2,12,0,28,48,32,4,DCPS,402516.70049841,136805.14999956,38.8990942,-76.97098736
144,236,Garfield Elementary School,2435 ALABAMA AVENUE SE,DCPS,2003,0,1,0,1,1,4,10,0,14,14,32,18,DCPS,402534.22049414,131547.71000406,38.85173304,-76.97080477
145,237,Browne Junior High School,850 26TH STREET NE,DCPS,1999,0,1,0,1,2,3,26,1,28,44,32,3,DCPS,402544.36050142,137194.16999655,38.90259855,-76.97066705
146,238,Browne Center @ Browne Junior High School,850 26TH STREET NE,DCPS, , , , , , , , , , , , , ,DCPS,402544.36050142,137194.16999655,38.90259855,-76.97066705
147,239,Stanton Elementary School,2701 NAYLOR ROAD SE,DCPS,1999,1,0,0,1,2,2,12,0,14,14,14,0,DCPS,402721.56149446,132385.5449963,38.85928006,-76.96864321
148,240,Randle Highlands Elementary School,1650 30TH STREET SE,DCPS,2003,0,1,0,1,1,4,15,0,19,26,32,13,DCPS,403092.38049432,133545.15000452,38.86972503,-76.96436556
149,242,Winston Educational Center,3100 ERIE STREET SE,DCPS,1999,0,1,0,1,1,2,14,0,16,16,32,16,DCPS,403227.98049961,132183.18999979,38.85745545,-76.9628094
150,243,Hillcrest Recreation Center,3100 Denver St. SE,DPR, , , , , , ,10,5,0, ,15, , ,DPR,403243.36949661,132310.93000236,38.85860613,-76.96263149
151,244,DC-DMV @ Georgetown,"3222 M Street, NW",PSD, , , , , , , ,20, , ,20, , ,DMV,394471.29949499,137461.79000361,38.90499566,-77.0637404
152,245,DC-DMV @ 1205-1207 Brentwood Road,"1205 Brentwood Road, NE",PSD, , , , , , ,6,3, , ,9, , ,DMV,400881.96949456,139147.84000251,38.92020111,-76.98982961
153,424,Fillmore Arts Center @ Hardy Middle School,1819 35TH STREET NW,DCPS, , , , , , , , , , , , , ,DCPS,394049.46049457,138629.13000454,38.9155087,-77.06861389
154,425,Lafayette Elementary School,5701 BROAD BRANCH ROAD NW,DCPS,2003,0,1,0,1,1,4,10,0,14,14,32,18,DCPS,394103.71049593,144303.69999519,38.96662722,-77.06803712
155,451,4N,"I-395, CAMERA DIR - NORTH",DDOT, , , , , , , , , , , , , , ,398781.73432924,135647.6090795,38.8886694,-77.01404217
156,532,Backus Middle School,5171 SOUTH DAKOTA AVENUE NE,DCPS,1999,0,1,0,1,2,0,16,0,16,16,32,16,DCPS,400236.86049802,142826.559995,38.95334053,-76.99726738
157,534,Hart Middle School,601 MISSISSIPPI AVENUE SE,DCPS,1999,0,1,0,1,2,3,13,0,16,49,32,16,DCPS,400244.9405016,129993.70999687,38.83773754,-76.99717874
158,535,J.O. Wilson Elementary School,660 K STREET NE,DCPS,1999,1,0,0,1,2,3,11,0,14,29,14,0,DCPS,400295.86950087,137211.42999832,38.90275767,-76.99658903
159,536, ,1923 Vermont Ave NW,DOC, , , , , , ,1,1, , , , , , ,397187.19649343,137344.87799636,38.90395536,-77.03242834
160,537, ,1901 D St SE,DOC, , , , , , ,1,1, , , , , , ,402049.46049613,135066.23000386,38.88343057,-76.97637891
161,538,One Judiciary Square [OJS],"441 4th Street, NW",PSD, , , , , , ,7,43, , ,50, , , ,398642.17949964,136399.84000329,38.89544557,-77.01565222
162,539,Reeves Center,"2000 14th Street, NW",PSD, , , , , , ,6,41, , ,47, , , ,397189.88049624,138842.23000342,38.91744403,-77.03240352
163,492,Tyler Elementary School,1001 G STREET SE,DCPS,2003,0,1,0,1,1,2,12,0,14,14,32,18,DCPS,400690.52049448,134805.51000015,38.88108402,-76.99204166
164,493,Watkins Elementary School,420 12TH STREET SE,DCPS,2003,0,1,0,1,1,4,10,0,14,18,32,18,DCPS,400867.92049931,135070.01999537,38.88346667,-76.98999676
165,43,CCTV- 43,17th St and Pennsylvania Ave. NW,DDOT,,,,,,,,,,,,,,DDOT CCTV,396574.4553,136786.7954,38.898832,-77.039489
166,44,CCTV- 44,17th St. and Constitution Ave. N.W.,DDOT,,,,,,,,,,,,,,DDOT CCTV,396574.1271,136027.9522,38.892102,-77.039465
167,45,CCTV- 45,17th St. and I St. NW,DDOT,,,,,,,,,,,,,,DDOT CCTV,396659.2789,137050.9995,38.901326,-77.038518
168,494,North Michigan Park Recreation Center,1333 Emerson ST. NE,DPR, , , , , , , , , , ,7, , ,DPR,401180.45049828,142451.50999962,38.94996121,-76.986382
169,495,Payne Elementary School,305 15TH STREET SE,DCPS,1999,0,1,0,1,1,3,11,0,14,14,32,18,DCPS,401371.28050084,135254.98999956,38.88513231,-76.98419491
170,496,Ketcham Elementary School,1919 15TH STREET SE,DCPS,2003,0,1,0,1,1,5,9,0,14,14,32,18,DCPS,401421.44049446,133135.86999922,38.86604236,-76.98362116
171,497,Moten Center @ Moten Elementary School,1565 MORRIS ROAD SE,DCPS, , , , , , , , , , , , , ,DCPS,401480.43049329,132093.89000385,38.85665567,-76.98294367
172,498,CHOICE Academy Middle School/Junior High School @ Taft,1800 PERRY STREET NE,DCPS, , , , , , , , , , , , , ,DCPS,401855.75049549,140990.20000042,38.93679615,-76.97859551
173,499,"Incarcerated Youth Program, Correctional Detention Facility",1901 D ST SE,DCPS, , , , , , , , , , , , , ,DCPS,402024.46050008,135104.87800371,38.88377879,-76.97666694
174,505,H.D. Woodson Senior High School,5500 EADS STREET NE,DCPS,2005,0,0,2,2,2,7,31,0,38,38,64,26,DCPS,406704.96049381,136485.52000264,38.89619289,-76.92270804
175,523,Ballou Senior High School,3401 4TH STREET SE,DCPS,2005,0,0,3,3,4,12,60,3,69,96,96,24,DCPS,399915.33049891,130176.29000092,38.83938233,-77.00097526
176,46,CCTV- 46,17th St. and Lower E St. NW,DDOT,,,,,,,,,,,,,,DDOT CCTV,396574.2912,136407.3737,38.89537,-77.03947
177,47,CCTV- 47,18th St. and I St. NW,DDOT,,,,,,,,,,,,,,DDOT CCTV,396383.9738,137051.1204,38.901324,-77.041697
178,48,CCTV- 48,19th St.  Pennsylvania Ave. and H St. NW,DDOT,,,,,,,,,,,,,,DDOT CCTV,396235.6811,136942.7832,38.900218,-77.043462
179,49,CCTV- 49,19th St. and K St. NW,DDOT,,,,,,,,,,,,,,DDOT CCTV,396235.7842,137159.5958,38.902346,-77.043449
180,50,CCTV- 50,20th St. and Constitution Ave. N.W.,DDOT,,,,,,,,,,,,,,DDOT CCTV,396102.871,136028.1701,38.892083,-77.044951
181,525,Simon Elementary School,401 MISSISSIPPI AVENUE SE,DCPS,1999,1,0,0,1,2,3,11,0,14,21,14,0,DCPS,399983.07049733,129798.63000453,38.8359802,-77.00019499
182,526,Stuart-Hobson Middle School,410 E STREET NE,DCPS,1999,0,1,0,1,2,1,14,0,15,15,32,17,DCPS,399999.61949803,136494.27999563,38.89629737,-77.00000439
183,527,School Within School @ Peabody,425 C STREET NE,DCPS, , , , , , , , , , , , , ,DCPS,400012.32049291,136116.69999513,38.89289599,-76.99985798
186,0, ,"13th St. and H St. and New York Ave., NW",DDOT,, , , ,, ,,, ,,,,,,397429.539964,136884.45398,38.89980877,-77.02963268
187,0, ,"17th St. and Lower E St., NW",DDOT,, , , ,, ,,, ,,,,,,396576.562491,136395.03126,38.89539697,-77.0394635
188,0, ,"Benning Rd, and Kennilworth Ramp, NE",DDOT,, , , ,, ,,, ,,,,,,404169.510274,136421.698652,38.89563398,-76.95193602
190,366,MacFarland Middle School,4400 IOWA AVENUE NW,DCPS,1999,0,1,0,1,2,6,20,0,26,42,32,6,DCPS,397592.04049733,141746.54999505,38.94360823,-77.0277764
191,26,CCTV- 26,15th  K St. and Vermont Ave. NW,DDOT,,,,,,,,,,,,,,DDOT CCTV,396998.1236,137071.19,38.901343,-77.03459
192,27,CCTV- 27,15th St.  G St. Penn. Ave. & N.Y. Ave NW,DDOT,,,,,,,,,,,,,,DDOT CCTV,397093.3168,136786.588,38.89884,-77.033636
193,521,Brent Elementary School,301 NORTH CAROLINA AVENUE SE,DCPS,2005,0,0,1,1,2,8,14,0,22,24,32,10,DCPS,399873.34049817,135218.07999587,38.88480087,-77.00145984
194,522,Ballou STAY Senior High School,3401 4TH STREET SE,DCPS, , , , , , , , , , , , , ,DCPS,399915.33049891,130176.29000092,38.83938233,-77.00097526
195,400,Trinidad Recreation Center,1310 Childress ST. NE,DPR, , , , , , ,8,8,0, ,16, , ,DPR,401496.88049408,137620.37999746,38.90644041,-76.98274212
196,401,Webb Elementary School,1375 MOUNT OLIVET ROAD NE,DCPS,2003,0,1,0,1,1,3,11,0,14,14,32,18,DCPS,401636.15050191,137801.70999878,38.90807364,-76.98113601
197,403,Turner Elementary School,3264 STANTON ROAD SE,DCPS,1999,1,0,0,1,2,3,11,0,14,14,14,0,DCPS,401708.96049424,131092.70000272,38.8476361,-76.98031323
198,404,Kramer Middle School,1700 Q STREET SE,DCPS,1999,0,1,0,1,2,1,17,0,18,18,32,14,DCPS,401720.71050037,133718.01999988,38.87128607,-76.9801713
199,405,Eastern Senior High School,1700 EAST CAPITOL STREET NE,DCPS,1999,0,3,0,3,2,13,65,2,76,198,96,18,DCPS,401762.50049678,135840.07999767,38.89040233,-76.97968429
200,406,Rosedale Recreation Center,1700 Gales St. NE,DPR, , , , , , ,4,0, , ,4, , ,DPR,401786.71949899,136710.07000115,38.89823947,-76.97940286
201,409,Eliot Junior High School,1830 CONSTITUTION AVENUE NE,DCPS,1999,0,1,0,1,2,1,15,0,16,16,32,16,DCPS,401823.73049738,136065.30999534,38.89243116,-76.97897791
202,410,Taft Center,1800 PERRY STREET NE,DCPS,1999,0,1,0,1,2,2,26,0,28,28,32,4, ,401855.75049549,140990.20000042,38.93679615,-76.97859551
203,411,Burroughs Elementary School,1820 MONROE STREET NE,DCPS,2003,0,1,0,1,1,2,12,0,14,14,32,18,DCPS,401866.99049738,140604.88999905,38.93332514,-76.97846691
204,0,Deanwood Recreation Center,1350 49th Street NE,DPR, , , , , , , , , , ,25, , ,DPR,0,0,0,0
205,28,CCTV- 28,15th St.  Penn. Ave. and Lwr. E St. NW,DDOT,,,,,,,,,,,,,,DDOT CCTV,397093.1775,136407.1663,38.895493,-77.033635
206,29,CCTV- 29,15th St. and Constitution Ave. N.W.,DDOT,,,,,,,,,,,,,,DDOT CCTV,397093.0382,136027.7448,38.892076,-77.033632
207,0,Bald Eagle Recreation Center,1000 Joliet St. SW,DPR, , , , , , , , , , ,16, , ,DPR,0,0,0,0
208,0, ,400 block 16th St NE,MPD, , , , , , , , , , , , , , ,0,0,0,0
209,0, ,5th & K St NW,MPD, , , , , , , , , , , , , , ,0,0,0,0
210,0, ,Georgia Avenue & Allison St NW,MPD, , , , , , , , , , , , , , ,0,0,0,0
211,0, ,7th and Kennedy St NW,MPD, , , , , , , , , , , , , , ,0,0,0,0
212,0, ,16th St & W St SE,MPD, , , , , , , , , , , , , , ,0,0,0,0
213,0, ,18th & G NW,MPD, , , , , , , , , , , , , , ,0,0,0,0
214,0, ,19th and G NW,MPD, , , , , , , , , , , , , , ,0,0,0,0
215,361,Roosevelt Senior High School,4301 13TH STREET NW,DCPS,2005,0,0,2,2,2,13,41,0,54,106,64,10,DCPS,397494.77049337,141698.28000049,38.94317313,-77.02889826
216,362,Garrison Elementary School,1200 S STREET NW,DCPS,2003,0,1,0,1,1,3,11,0,14,96,32,18,DCPS,397518.52049644,138448.8099988,38.91390096,-77.02861255
217,363,Cardozo Senior High School,1200 CLIFTON STREET NW,DCPS,1999,0,2,0,2,2,11,52,0,63,79,64,1,DCPS,397531.11049349,139367.02000063,38.92217253,-77.02847068
218,0,Department of Health PHL Annex,"4 DC Village Lane, SW",PSD, , , , , , ,8,10, , ,18, , , ,0,0,0,0
219,0,Department of Health Warehouse,"3700 10th St, NE",PSD, , , , , , ,0,6, , ,6, , , ,0,0,0,0
220,0,Waterfront Tower East,"1100 4th St, SW",PSD, , , , , , ,0,70, , ,70, , , ,0,0,0,0
221,0,Waterfront Tower West,"1101 4th St, SW",PSD, , , , , , ,0,96, , ,96, , , ,0,0,0,0
222,30,CCTV- 30,16th St. & Military Rd./Missouri Ave. N.W.,DDOT,,,,,,,,,,,,,,DDOT CCTV,396847.2884,143846.6809,38.962411,-77.036413
223,96,Gage-Eckington Elementary School,2025 3RD STREET NW,DCPS,2003,0,1,0,1,1,6,8,0,14,14,32,18,DCPS,398622.24049663,138885.24999629,38.91783498,-77.01588705
224,97,H.D. Cooke Elementary School @ K.C. Lewis,300 BRYANT STREET NW,DCPS,1999,1,0,0,1,1,0,14,0,14,61,14,0,DCPS,398648.83049497,139173.32999652,38.92043014,-77.015581
225,101,Dunbar Senior High School,1301 NEW JERSEY AVENUE NW,DCPS,1999,0,1,0,1,2,5,23,0,28,80,32,4,DCPS,398725.55049699,137851.5499991,38.90852322,-77.01469386
226,104,Walker-Jones/R.H. Terrell Elementary School,100 L STREET NW,DCPS,1999,2,0,0,2,2,2,12,0,14,44,28,14,DCPS,398870.4304929,137323.6499998,38.90376791,-77.01302258
227,105,Bowen Elementary School,101 M STREET SW,DCPS,2003,0,1,0,1,1,4,10,0,14,14,32,18,DCPS,398879.86050137,134328.10000063,38.87678288,-77.01290898
229,31,CCTV- 31,16th St. and Colorado Ave. N.W.,DDOT,,,,,,,,,,,,,,DDOT CCTV,396852.1442,142755.8291,38.95261,-77.036299
230,32,CCTV- 32,16th St. and I St. NW,DDOT,,,,,,,,,,,,,,DDOT CCTV,396833.9998,137071.2539,38.901344,-77.036546
231,33,CCTV- 33,16th St. and Irving St. N.W.,DDOT,,,,,,,,,,,,,,DDOT CCTV,396845.7926,140093.0824,38.928676,-77.036463
232,34,CCTV- 34,16th St. and K St. N.W.,DDOT,,,,,,,,,,,,,,DDOT CCTV,396834.0459,137186.4356,38.902517,-77.036531
235,19,Aiton Elementary School,533 48TH PLACE NE,DCPS,2003,0,1,0,1,1,2,12,0,14,16,32,18,DCPS,405751.28050193,136574.52999522,38.89700148,-76.93370091
236,20,Ronald H. Brown Middle School,4800 MEADE STREET NE,DCPS,1999,0,1,0,1,2,4,15,0,19,19,32,13,DCPS,405836.91049533,137635.92999823,38.90656238,-76.93270477
237,21,Kelly Miller Middle School,301 49TH STREET NE,DCPS,2007,0,0,2,2,3,13,45,0,58,32,64,6,DCPS,405852.61049449,136130.44000248,38.89300028,-76.93253659
238,22,Nalle Elementary School,219 50TH STREET SE,DCPS,2003,0,1,0,1,1,3,11,0,14,14,32,18,DCPS,406004.16049947,135348.37000011,38.88595408,-76.9307965
239,23,Merritt Educational Center,5002 HAYES STREET NE,DCPS,2003,0,1,0,1,1,6,10,0,16,16,32,16,DCPS,406060.67049913,136933.15999921,38.90023007,-76.93013119
240,24,Houston Elementary School,1100 50TH PLACE NE,DCPS,2003,0,1,0,1,1,5,9,0,14,9,32,18,DCPS,406076.15049742,137508.7400027,38.90541499,-76.92994764
241,25,C.W. Harris Elementary School,301 53RD STREET SE,DCPS,1999,0,1,0,1,1,6,8,0,14,14,32,18,DCPS,406410.34549765,135087.07299646,38.88359735,-76.92611728
242,26,Burrville Elementary School,801 DIVISION AVENUE NE,DCPS,2003,0,1,0,1,1,9,6,0,15,31,32,17,DCPS,406552.65049379,136970.78000173,38.90056543,-76.92445917
243,27,Business and Finance Academy School Within a School @ H.D. Woodson,5500 EADS STREET NE,DCPS, , , , , , , , , , , , , ,DCPS,406704.96049381,136485.52000264,38.89619289,-76.92270804
244,28,Drew Elementary School,5600 EADS STREET NE,DCPS,1999,0,1,0,1,2,2,12,0,14,14,32,18,DCPS,406946.23049993,136463.61000241,38.89599364,-76.919927
245,29,Sousa Middle School @ Shadd ES,5601 EAST CAPITOL ST NE,DCPS,2008,0,0,3,3,2,10,56,0,66,71,96,30,DCPS,406976.90549471,135724.09799984,38.8893316,-76.91958091
246,33,Key Elementary School,5001 DANA PLACE NW,DCPS,2003,0,1,0,1,1,12,14,0,26,26,32,6,DCPS,391283.15049518,139885.28999686,38.9268015,-77.10052731
247,34,Mann Elementary School,4430 NEWARK STREET NW,DCPS,2003,0,1,0,1,1,6,8,0,14,14,32,18,DCPS,392385.28049307,140715.66000321,38.93429197,-77.08782619
248,35,Banneker Senior High School,800 EUCLID STREET NW,DCPS,2005,0,0,1,1,2,2,16,0,18,27,32,14,DCPS,397920.84049904,139551.1700007,38.92383242,-77.02397696
249,37,Bruce-Monroe Elementary School,3012 GEORGIA AVENUE NW,DCPS,2003,0,1,0,1,1,5,9,0,14,14,32,18,DCPS,397963.88049817,140077.63999922,38.92857513,-77.02348219
250,38,Jefferson Junior High School,801 7TH STREET SW,DCPS,1999,0,1,0,1,2,3,13,0,16,60,32,16,DCPS,398012.08049998,134671.02999574,38.8798706,-77.02291066
251,39,Takoma Educational Center,7010 PINEY BRANCH ROAD NW,DCPS,1999,1,0,0,1,1,3,11,0,14,14,14,0, ,398024.76049606,145235.93000458,38.97504254,-77.02279492
252,40,Cleveland Elementary School,1825 8TH STREET NW,DCPS,2004,0,1,0,1,1,10,18,0,28,28,32,4,DCPS,398030.71049345,138586.76000142,38.91514495,-77.02270717
253,41,Banneker Recreation Center,2500 Georgia Ave NW,DPR, , , , , , ,6,7,0, ,13, , ,DPR,398041.679496,139425.87000421,38.92270396,-77.02258308
254,42,Clark Elementary School,4501 KANSAS AVENUE NW,DCPS,2003,0,1,0,1,1,2,14,0,16,16,32,16,DCPS,398056.76049762,141967.69999785,38.94560156,-77.02241637
255,35,CCTV- 35,16th St. and Kalmia N.W.,DDOT,,,,,,,,,,,,,,DDOT CCTV,396848.3143,146421.3659,38.98569,-77.036382
256,36,CCTV- 36,16th St. and N. Portal St. N.W.,DDOT,,,,,,,,,,,,,,DDOT CCTV,396848.5978,147132.7941,38.992115,-77.036456
257,37,CCTV- 37,16th St. and U St. N.W.,DDOT,,,,,,,,,,,,,,DDOT CCTV,396834.6933,138805.7569,38.917006,-77.036509
258,1,CCTV- 1,3rd St. and Constitution Ave. N.W.,DDOT,,,,,,,,,,,,,,DDOT CCTV,398681.5419,136027.321,38.892065,-77.015175
259,48,Kennedy Recreation Center,1401 7th St. NW,DPR, , , , , , , ,3, , ,7, , ,DPR,398132.07949628,137903.45999653,38.90898978,-77.02153646
260,49,Park View Recreation Center,693 Otis Pl. NW,DPR, , , , , , ,1,2,0, ,3, , ,DPR,398148.89949632,140791.13000251,38.93500287,-77.02135032
261,50,Park View Elementary School,3560 WARDER STREET NW,DCPS,2003,0,1,0,1,1,4,10,0,14,14,32,18,DCPS,398163.15950129,140725.72999828,38.93441376,-77.02118567
262,51,Coolidge Senior High School,6315 5TH STREET NW,DCPS,2005,0,0,3,3,3,7,60,0,67,102,96,29,DCPS,398306.01049543,144349.51999999,38.96705814,-77.01954701
263,52,Whittier Elementary School,6201 5TH STREET NW,DCPS,2003,0,1,0,1,1,5,12,0,17,17,32,15,DCPS,398332.71049908,144216.1699996,38.96585694,-77.0192386
264,53,Amidon Elementary School,401 I STREET SW,DCPS,2003,0,1,0,1,1,5,9,0,14,18,32,18,DCPS,398427.29049639,134631.46999796,38.87951507,-77.01812529
265,54,Montgomery Elementary School,421 P STREET NW,DCPS,1999,0,1,0,1,2,2,14,0,16,16,32,16,DCPS,398428.65049468,138002.88999662,38.90988606,-77.01811733
266,56,Barnard Elementary School,430 DECATUR STREET NW,DCPS,2003,0,1,0,1,1,12,16,0,28,28,32,4,DCPS,398458.9905012,142259.46000375,38.94823061,-77.01777707
267,57,Transportation Bus Lot - New York Avenue,1245 New York Avenue NE,DCPS,2005,0,0,1,1,1,0,16,0,16,16,32,16, ,401083.85550164,138526.98799675,38.91460805,-76.98750255
268,58,Columbia Heights Rec,1480 Girard St NW,DPR, , , , , , ,4,12,0, ,16, , ,DPR,396956.59849989,139707.68499586,38.92523955,-77.03509734
269,59,Emery Rec Center,5701 Georgia Ave NW,DPR, , , , , , ,10,6,0, ,16, , ,DPR,397583.82150076,143435.01000037,38.95881831,-77.02787716
270,2,CCTV- 2,3rd St. and H St. & Mass. Av NW,DDOT,,,,,,,,,,,,,,DDOT CCTV,398681.6863,136894.5705,38.899765,-77.015215
271,3,CCTV- 3,3rd St. and H St. N.E.,DDOT,,,,,,,,,,,,,,DDOT CCTV,399825.2842,136914.7889,38.90014,-77.002037
272,4,CCTV- 4,3rd St. and M St. N.W.,DDOT,,,,,,,,,,,,,,DDOT CCTV,398681.7934,137538.233,38.905671,-77.015241
273,60,Carroll Apartments,410 M Street SE,DCHA, , , , , , ,6,19, , , , , , ,400004.02999533,134320.01999705,38.87671081,-76.99995356
274,61,Claridge Towers,1221 M Street NW,DCHA, , , , , , ,4,46, , , , , , ,397500.46000055,137555.39999842,38.90585276,-77.02881754
275,62,Colorado Apartments,5336 Colorado Ave NW,DCHA, , , , , , ,6,10, , , , , , ,396999.51999884,143055.86000386,38.95540103,-77.034617
276,355,"OCTO: ODC-1 @ 3919 Benning Road, SE","3919 Benning Road, SE",PSD, , , , , , ,12,14, , ,26, , , ,404462.60950156,136295.26000366,38.8944932,-76.94855815
277,356,Examiner(OCME),"1910 Massachusetts Ave, SE",PSD, , , , , , ,4,19, , ,23, , , ,402201.81049897,135163.83999765,38.88430951,-76.97462269
278,357,"DDS @ 1125 15th Street, NW","1125 15th Street, NW",PSD, , , , , , ,0,13, , ,13, , , ,397041.8594963,137401.90999817,38.90446865,-77.03410415
279,359,Tubman Elementary School,3101 13TH STREET NW,DCPS,2003,0,1,0,1,1,3,11,0,14,18,32,18,DCPS,397447.02049644,140146.95999681,38.92919824,-77.02944329
280,360,Roosevelt STAY Senior High School,4301 13TH STREET NW,DCPS, , , , , , , , , , , , , ,DCPS,397494.77049337,141698.28000049,38.94317313,-77.02889826
281,282,CCTV,Montello Ave & Morse St NE,MPD, , , , , , , , , , , , , ,Safe Cities,400905.63999799,137309.21999747,38.90363818,-76.98955908
282,283,CCTV,Staples St & Oats St NE,MPD, , , , , , , , , , , , , ,Safe Cities,401383.54000033,137312.61001196,38.90366809,-76.98404946
283,318,Bancroft Elementary School,1755 NEWTON STREET NW,DCPS,1999,1,0,0,1,2,4,12,0,16,18,14,2,DCPS,396483.92950011,140715.66999661,38.93431802,-77.04055345
284,106,Leckie Elementary School,4201 MARTIN LUTHER KING JR AVENUE SW,DCPS,2003,0,1,0,1,1,6,12,0,18,18,32,14,DCPS,398880.5804936,128934.66000092,38.82819645,-77.01289191
285,107,J.F. Cook Elementary School,30 P STREET NW,DCPS,1999,0,1,0,1,1,6,8,0,14,14,32,18,DCPS,399105.7404985,137949.35000382,38.9094047,-77.01031056
286,108,M.M. Washington Career Senior High School,27 O STREET NW,DCPS,1999,0,1,0,1,2,3,13,0,16,32,32,16,DCPS,399108.88950115,137873.35999716,38.90872016,-77.01027415
287,114,W.B. Patterson Elementary School,4399 SOUTH CAPITOL TERRACE SW,DCPS,2003,0,1,0,1,2,7,25,0,32,32,32,0,DCPS,399263.25049428,128798.03000351,38.82696603,-77.0084847
288,116,Mamie D. Lee School,100 GALLATIN STREET NE,DCPS,1999,2,0,0,2,1,2,14,0,16,15,28,12,DCPS,399373.84749673,142735.38000314,38.95251896,-77.00722373
289,117,Emery Elementary School,1720 1ST STREET NE,DCPS,1999,1,0,0,1,2,2,12,0,14,14,14,0,DCPS,399412.34049663,138404.23999672,38.91350276,-77.00677594
290,5,CCTV- 5,4th St. and New York Ave. N.W.,DDOT,,,,,,,,,,,,,,DDOT CCTV,398602.3679,137450.1665,38.904845,-77.016147
291,6,CCTV- 6,7th St. & E St. & Frontage Rd. SW,DDOT,,,,,,,,,,,,,,DDOT CCTV,398109.4364,135004.355,38.882791,-77.021881
292,7,CCTV- 7,7th St. and H Street N.W.,DDOT,,,,,,,,,,,,,,DDOT CCTV,398099.2987,136894.6889,38.899809,-77.021915
293,8,CCTV- 8,7th St. and Independence Ave. SW,DDOT,,,,,,,,,,,,,,DDOT CCTV,398098.9735,135539.6121,38.887582,-77.021891
294,9,CCTV- 9,7th St. and New York Ave N.W.,DDOT,,,,,,,,,,,,,,DDOT CCTV,398099.3784,137226.6831,38.902875,-77.021894
295,10,CCTV- 10,7th St. and Pennsylvania Ave. N.W.,DDOT,,,,,,,,,,,,,,DDOT CCTV,398099.1231,136162.947,38.893291,-77.0219
296,119,McKinley Technology High School,151 T STREET NE,DCPS,2004,0,4,0,4,8,13,85,0,98,108,128,30,DCPS,399642.48049642,138594.83000186,38.91521979,-77.00412243
297,121,Patricia R. Harris Educational Center,4600 LIVINGSTON ROAD SE,DCPS,1999,0,1,0,1,2,3,25,0,28,28,32,4,DCPS,399731.95049701,128458.04999926,38.82390359,-77.00308683
298,122,Ludlow-Taylor Elementary School,659 G STREET NE,DCPS,2003,0,1,0,1,1,5,13,0,18,18,32,14,DCPS,400304.26049688,136765.85999886,38.89874381,-76.99649249
299,123,Hine Junior High School,335 8TH STREET SE,DCPS,1999,1,1,0,2,2,1,15,0,16,16,46,30,DCPS,400394.36950127,135244.4999993,38.8850388,-76.99545459
300,0,Department of Employment Services,"4058 Minnesota Ave, NE",PSD, , , , , , ,14,77, , ,91, , , ,0,0,0,0
301,0,Ward 6 SWC,"500 K St, NE",PSD, , , , , , ,7,9, , ,16, , , ,0,0,0,0
302,0,Department of Health TB Clinic,1900 Massachusetts Avenue SE,PSD, , , , , , ,0,7, , ,7, , , ,0,0,0,0
304,11,CCTV- 11,7th St. and Rhode Island Ave. NW,DDOT,,,,,,,,,,,,,,DDOT CCTV,398099.6337,138290.4211,38.912398,-77.021948
311,340,Shepherd Elementary School,7800 14TH STREET NW,DCPS,2003,0,1,0,1,1,4,10,0,14,14,32,18,DCPS,397054.619498,146297.53000219,38.98460295,-77.03399523
312,346,West Elementary School,1338 FARRAGUT STREET NW,DCPS,1999,0,1,0,1,1,7,10,0,17,17,32,15,DCPS,397204.26049992,142607.98000014,38.95136708,-77.03225305
313,12,CCTV- 12,9th St. and Constitution Ave. NW,DDOT,,,,,,,,,,,,,,DDOT CCTV,397924.3552,136027.4833,38.892069,-77.023939
314,13,CCTV- 13,9th St. Ramp & N.Y. Ave. N.E.,DDOT,,,,,,,,,,,,,,DDOT CCTV,400825.7697,138446.0704,38.913877,-76.990539
343,319,Ross Elementary School,1730 R STREET NW,DCPS,2003,0,1,0,1,1,1,13,0,14,14,32,18,DCPS,396560.15049357,138281.53000471,38.91239081,-77.03966214
344,64,CCTV- 64,Connecticut Ave. and Macomb St. N.W,DDOT,,,,,,,,,,,,,,DDOT CCTV,395030.8677,140622.4973,38.93351,-77.057315
345,65,CCTV- 65,Connecticut Ave. and Military Rd. N.W.,DDOT,,,,,,,,,,,,,,DDOT CCTV,393646.844,143692.7677,38.96101,-77.073313
346,66,CCTV- 66,Connecticut Ave. and Nebraska Ave. N.W.,DDOT,,,,,,,,,,,,,,DDOT CCTV,393905.6206,143136.9757,38.956037,-77.07041
347,67,CCTV- 67,Connecticut Ave. and Oliver St.,DDOT,,,,,,,,,,,,,,DDOT CCTV,393361.7075,144309.5701,38.96672,-77.076659
348,68,CCTV- 68,Connecticut Ave. and Van Ness St. N.W.,DDOT,,,,,,,,,,,,,,DDOT CCTV,394544.7471,141693.3372,38.943133,-77.062901
349,336,DPR Headquarters,3149 16th St. NW,DPR, , , , , , ,2,0,2, ,2, , ,DPR,396869.35049931,140252.71000326,38.930149,-77.03610599
350,337,Penn Center (Lincoln) Middle School,3101 16TH STREET NW,DCPS, , , , , , ,8,8, , ,16, , ,DCPS,396890.80050125,140185.59000463,38.92954443,-77.0358583
351,338,Bell Multicultural Senior High School,3101 16TH STREET NW,DCPS,2006,0,0,4,4,2,12,92,3,101,115,128,24,DCPS,396890.80050125,140185.59000463,38.92954443,-77.0358583
352,82,CCTV- 82,GA. Ave. and N.H. Ave. N.W.,DDOT,,,,,,,,,,,,,,DDOT CCTV,397909.7656,140932.8835,38.936228,-77.024235
353,83,CCTV- 83,Georgia Ave. and Arkansas Ave. N.W.,DDOT,,,,,,,,,,,,,,DDOT CCTV,397624.5185,142620.0503,38.951428,-77.027386
354,84,CCTV- 84,Georgia Ave. and Eastern Ave. N.W.,DDOT,,,,,,,,,,,,,,DDOT CCTV,397694.3708,146305.8905,38.984711,-77.026615
355,85,CCTV- 85,Georgia Ave. and Irving St. N.W.,DDOT,,,,,,,,,,,,,,DDOT CCTV,397988.9385,140133.362,38.929062,-77.023229
356,69,CCTV- 69,Connecticut Ave./ K St./ 17th St. N.W.,DDOT,,,,,,,,,,,,,,DDOT CCTV,396659.559,137714.9883,38.907242,-77.038496
357,70,CCTV- 70,Delaware / I Street NW,DDOT,,,,,,,,,,,,,,DDOT CCTV,398882.5517,134604.4614,38.879291,-77.012936
358,71,CCTV- 71,Douglas Bridge,DDOT,,,,,,,,,,,,,,DDOT CCTV,399226.6967,133655.8697,38.870595,-77.008991
359,305,Francis Junior High School,2425 N STREET NW,DCPS,2005,0,0,1,1,2,7,19,0,26,32,32,6,DCPS,395461.94949964,137735.74000071,38.90746917,-77.052321
360,310,Stevens Elementary School,1050 21ST STREET NW,DCPS,2003,0,1,0,1,1,5,9,0,14,14,32,18,DCPS,395937.79049566,137257.37999523,38.90316226,-77.04683201
361,72,CCTV- 72,Dupont Circle N.W.,DDOT,,,,,,,,,,,,,,DDOT CCTV,396209.6762,137918.453,38.909067,-77.043675
362,73,CCTV- 73,E. Capitol and 50th,DDOT,,,,,,,,,,,,,,DDOT CCTV,406073.5657,135785.6264,38.889839,-76.930041
363,74,CCTV- 74,E. Capitol and 58th St.,DDOT,,,,,,,,,,,,,,DDOT CCTV,407132.6004,135786.5094,38.889839,-76.917779
364,75,CCTV- 75,E. Capitol and Southern Ave.,DDOT,,,,,,,,,,,,,,DDOT CCTV,407503.2818,135766.5257,38.889702,-76.913528
365,76,CCTV- 76,East Capitol and 19th St.,DDOT,,,,,,,,,,,,,,DDOT CCTV,401985.6959,135763.2203,38.889708,-76.977187
366,77,CCTV- 77,First St. & M St. SE,DDOT,,,,,,,,,,,,,,DDOT CCTV,399486.2717,134299.5078,38.87653,-77.00593
367,78,CCTV- 78,First St. and N St. SE,DDOT,,,,,,,,,,,,,,DDOT CCTV,399486.2586,134096.247,38.87464,-77.005895
368,79,CCTV- 79,First St. and Potomac Ave. SE,DDOT,,,,,,,,,,,,,,DDOT CCTV,399454.4593,133784.5825,38.87181,-77.006313
369,80,CCTV- 80,Florida Ave. & Rhode Island Ave. N.W.,DDOT,,,,,,,,,,,,,,DDOT CCTV,398517.8544,138473.2677,38.914114,-77.017144
370,369,Ferebee-Hope Elementary School,3999 8TH STREET SE,DCPS,2003,0,1,0,1,1,3,11,0,14,30,32,18,DCPS,400419.94049343,129394.95000364,38.83234357,-76.99516343
371,371,Southeast Tennis and Learning Center,701 Mississippi Ave. SE,DPR, , , , , , ,4,5,0, ,16, , , ,400473.39949782,130079.57999741,38.838511,-76.99454726
372,372,M.C. Terrell/McGogney Elementary School,3301 WHEELER ROAD SE,DCPS,1999,1,0,0,1,2,5,9,0,14,23,14,0,DCPS,400512.16050001,130413.48000244,38.8415189,-76.99410055
373,373,Hardy Middle School @ Hamilton School,1401 BRENTWOOD PARKWAY NE,DCPS,2008,0,0,2,2,2,8,56,2,62,64,64,0,DCPS,400515.7005007,137977.7499956,38.90966084,-76.9940541
374,374,Hamilton Center @ Hamilton School,1401 BRENTWOOD PARKWAY NE,DCPS,1999,0,1,0,1,2,10,18,0,28,28,32,4,DCPS,400515.7005007,137977.7499956,38.90966084,-76.9940541
375,375,Savoy Elementary School,2400 SHANNON PLACE SE,DCPS,2008,0,0,2,2,1,10,46,0,56,72,64,8,DCPS,400555.08050044,132781.57000037,38.86285165,-76.99360426
376,376,Prospect Learning Center,920 F STREET NE,DCPS,1999,0,1,0,1,2,2,14,0,16,16,32,16, ,400591.34949581,136634.98000424,38.89756465,-76.99318304
377,377,Sherwood Recreation Center,640 10th St. NE,DPR, , , , , , ,4,3,0, ,7, , ,DPR,400605.75949916,136743.84000307,38.89854529,-76.99301683
378,378,Turkey Thicket Recreation Center,1100 Michigan Ave. NE,DPR, , , , , , ,9,4,0, ,13, , ,DPR,400641.56049763,141130.75000092,38.93806399,-76.99260002
379,379,Luke Moore Academy Senior High School,1001 MONROE STREET NE,DCPS,2007,0,0,2,2,2,11,41,2,50,50,64,12,DCPS,400666.1324996,140488.24799861,38.93227612,-76.99231722
380,380,Draper Elementary School,908 WAHLER PLACE SE,DCPS,2003,0,1,0,1,1,3,11,0,14,14,32,18,DCPS,400671.25049494,129615.2399995,38.83432789,-76.99226881
381,81,CCTV- 81,Florida Ave. and New York Ave. NE,DDOT,,,,,,,,,,,,,,DDOT CCTV,399602.9675,137890.4541,38.908934,-77.004661
382,300,Birney Elementary School,2501 MARTIN LUTHER KING JR AVENUE SE,DCPS,1999,2,0,0,2,2,2,12,0,14,14,28,14,DCPS,400403.19049588,132438.55999964,38.85976176,-76.99535456
383,386,Douglass Transitional Academy,2600 DOUGLASS PLACE SE,DCPS,1999,0,1,0,1,2,5,23,0,28,28,32,4,DCPS,401037.24050056,132089.7499999,38.85661901,-76.98804976
384,387,Slowe Elementary School,1404 JACKSON STREET NE,DCPS,2003,0,1,0,1,1,4,10,0,14,14,32,18,DCPS,401138.94050209,140191.85000191,38.92960559,-76.98686462
385,388,Malcolm X Elementary School,1351 ALABAMA AVENUE SE,DCPS,2003,0,1,0,1,1,5,9,0,14,14,32,18,DCPS,401202.63049559,130797.63000011,38.84497882,-76.98614653
386,389,Wilkinson Elementary School,2330 POMEROY ROAD SE,DCPS,2003,0,1,0,1,1,8,6,0,14,14,32,18,DCPS,401254.17049377,132114.8000019,38.85684439,-76.98555042
387,390,Bunker Hill Elementary School,1401 MICHIGAN AVENUE NE,DCPS,2003,0,1,0,1,1,3,11,0,14,32,32,18,DCPS,401300.77049989,141569.10999714,38.94201213,-76.98499563
388,391,DC Records Center,1300 Naylor Court NW,PSD, , , , , , ,7,7, , ,14, , , ,397850.44949453,137783.36000797,38.90790723,-77.02478318
389,392,Consumer and Regulatory Affairs,1900 Massachusetts Avenue SE,PSD, , , , , , , ,6, , ,6, , , ,402119.23049859,135264.83000036,38.88521947,-76.97557416
390,393,Johnson Junior High School,1400 BRUCE PLACE SE,DCPS,1999,0,1,0,1,2,2,26,0,28,52,32,4,DCPS,401414.57050052,131503.4200022,38.85133657,-76.98370368
391,86,CCTV- 86,Georgia Ave. and Missouri Ave. N.W.,DDOT,,,,,,,,,,,,,,DDOT CCTV,397571.941,143690.5895,38.960992,-77.027998
392,395,Green Elementary School,1500 MISSISSIPPI AVENUE SE,DCPS,2003,0,1,0,1,1,4,11,0,15,15,32,17,DCPS,401441.25049789,130427.60000243,38.84164507,-76.98339857
393,396,Anacostia Senior High School,1601 16TH STREET SE,DCPS,1999,0,2,0,2,2,8,56,0,64,63,64,0,DCPS,401468.56049819,133584.50000457,38.87008373,-76.98307725
394,397,Moten Elementary School,1565 MORRIS ROAD SE,DCPS,2003,0,1,0,1,1,4,10,0,14,14,32,18,DCPS,401480.43049329,132093.89000385,38.85665567,-76.98294367
395,398,Brentwood Recreation Center,2311 14th ST. NE,DPR, , , , , , ,2,5,0, ,7, , ,DPR,401481.38049925,139241.01999873,38.9210397,-76.98291732
396,399,Miner Elementary School,601 15TH STREET NE,DCPS,2003,0,1,0,1,1,10,18,0,28,28,32,4,DCPS,401483.00050122,136614.12000241,38.89737568,-76.98290431
397,147,CCTV,400 block 16th St NE,MPD, , , , , , , , , , , , , ,Neighborhood,401546.0386002,136447.21139906,38.895872,-76.982178
398,148,CCTV,4th St & L St NE ,MPD, , , , , , , , , , , , , ,Neighborhood,399960.01319925,137333.01550118,38.903853,-77.000461
399,149,CCTV,8th & H St NE,MPD, , , , , , , , , , , , , ,Neighborhood,400484.28969891,136926.85169885,38.900194,-76.994417
400,150,CCTV,K St & Potomac Ave SE,MPD, , , , , , , , , , , , , ,Neighborhood,400877.85239905,134517.12810081,38.878486,-76.989883
401,151,CCTV, K St & North Capitol St NW,MPD, , , , , , , , , , , , , ,Neighborhood,399199.12060121,137169.31899905,38.902378,-77.009233
402,152,CCTV,7th St & H St NW,MPD, , , , , , , , , , , , , ,Neighborhood,398087.03440122,136892.54450034,38.899883,-77.022053
403,153,CCTV,Wisconsin Ave & P St NW,MPD, , , , , , , , , , , , , ,Neighborhood,394413.20259955,137929.76809961,38.909211,-77.064414
404,154,CCTV,1400 block R St NW,MPD, , , , , , , , , , , , , ,Neighborhood,397144.98420025,138307.29390024,38.912625,-77.032919
405,155,CCTV,11th St & N St NW,MPD, , , , , , , , , , , , , ,Neighborhood,397661.76379983,137599.4471007,38.90625,-77.026958
406,156,CCTV,14th & Oak St NW,MPD, , , , , , , , , , , , , ,Neighborhood,397170.63350003,140671.09960044,38.933919,-77.032633
407,157,CCTV,14th & Columbia Road NW,MPD, , , , , , , , , , , , , ,Neighborhood,397192.05230056,139947.09359895,38.927397,-77.032383
408,158,CCTV,14th & Girard St NW,MPD, , , , , , , , , , , , , ,Neighborhood,397142.81450019,139744.85359959,38.925575,-77.03295
409,159,CCTV,14th & W St NW,MPD, , , , , , , , , , , , , ,Neighborhood,397243.24029881,139033.47570048,38.919167,-77.031789
410,160,CCTV,17th & Euclid St NW,MPD, , , , , , , , , , , , , ,Neighborhood,396621.20550011,139467.53780036,38.923075,-77.038964
411,381,Noyes Elementary School,2725 10TH STREET NE,DCPS, , , , , , ,10,18, , ,28, , ,DCPS,400707.33050111,139700.26000305,38.92517765,-76.99184288
412,382,Brookland Elementary School,1150 MICHIGAN AVENUE NE,DCPS,2003,0,1,0,1,1,3,11,0,14,32,32,18,DCPS,400775.13049889,141176.4100042,38.9384752,-76.99105932
413,384,Maury Elementary School,1250 CONSTITUTION AVENUE NE,DCPS,2003,0,1,0,1,1,3,11,0,14,14,32,18,DCPS,400984.00049479,136037.81999698,38.89218486,-76.9886575
414,385,CHOICE Academy Senior High School @ Douglass,2600 DOUGLASS PLACE SE,DCPS, , , , , , , , , , , , , ,DCPS,401037.24050056,132089.7499999,38.85661901,-76.98804976
415,161,CCTV,2400 block 18th St NW,MPD, , , , , , , , , , , , , ,Neighborhood,396372.73989945,139224.31719983,38.920883,-77.041828
416,162,CCTV,5th & N St NW,MPD, , , , , , , , , , , , , ,Neighborhood,398363.8321003,137720.15880095,38.907339,-77.018864
417,168,CCTV,14th & Quincy St NW,MPD, , , , , , , , , , , , , ,Neighborhood,397171.21079918,141073.5062012,38.937544,-77.032628
418,169,CCTV,1st & Kennedy St NW,MPD, , , , , , , , , , , , , ,Neighborhood,399019.87929937,143193.11100088,38.956642,-77.011308
419,170,CCTV,3700 block Georgia Avenue NW,MPD, , , , , , , , , , , , , ,Neighborhood,397898.23730001,140980.25439989,38.936706,-77.024242
420,171,CCTV,4th & Shepherd St NW,MPD, , , , , , , , , , , , , ,Neighborhood,398515.34229951,141335.34270031,38.939906,-77.017125
421,172,CCTV,4th St & Blair Road NW,MPD, , , , , , , , , , , , , ,Neighborhood,398436.43109994,145189.48680103,38.974625,-77.018044
422,173,CCTV,5th St & Kennedy St NW,MPD, , , , , , , , , , , , , ,Neighborhood,398284.78570026,143179.36010005,38.956517,-77.019789
423,87,CCTV- 87,Georgia Ave. and Piney Branch Rd. N.W.,DDOT,,,,,,,,,,,,,,DDOT CCTV,397625.0535,144401.9982,38.967468,-77.027485
424,174,CCTV,6th St & Riggs Road NE ,MPD, , , , , , , , , , , , , ,Neighborhood,400081.12310068,143648.74369985,38.960747,-76.999064
425,175,CCTV,9th & Kennedy St NW,MPD, , , , , , , , , , , , , ,Neighborhood,397778.94530061,143164.05559938,38.956378,-77.025625
426,88,CCTV- 88,Georgia Avenue and Kansas Avenue N.W.,DDOT,,,,,,,,,,,,,,DDOT CCTV,397788.2432,141603.6852,38.942303,-77.025617
427,89,CCTV- 89,H St.  Conn. Ave. & Jackson Pl. NW,DDOT,,,,,,,,,,,,,,DDOT CCTV,396712.1772,136942.571,38.900178,-77.03795
428,90,CCTV- 90,H St.  Vermont Ave. & Madison Ave. NW,DDOT,,,,,,,,,,,,,,DDOT CCTV,396955.7196,136942.4737,38.900208,-77.03512
429,92,CCTV- 92,H St. and Union Station NE,DDOT,,,,,,,,,,,,,,DDOT CCTV,399539.3871,136941.9019,38.900222,-77.005367
430,93,CCTV- 93,I-295 and Blue Plains (North),DDOT,,,,,,,,,,,,,,DDOT CCTV,398574.272,128411.8544,38.82344,-77.01641
431,94,CCTV- 94,I-295 and Blue Plains (South),DDOT,,,,,,,,,,,,,,DDOT CCTV,398176.4993,127260.135,38.813087,-77.021022
432,95,CCTV- 95,Ind.Ave. & Wash. Ave. S.W.,DDOT,,,,,,,,,,,,,,DDOT CCTV,398803.2504,135519.1482,38.887484,-77.013828
433,96,CCTV- 96,Kenilworth and Eastern Ave. N.E.,DDOT,,,,,,,,,,,,,,DDOT CCTV,405722.287,138271.9347,38.912227,-76.93401
434,97,CCTV- 97,Key Bridge and M St. N.W.,DDOT,,,,,,,,,,,,,,DDOT CCTV,394049.4911,137472.6052,38.905067,-77.068622
435,110,CCTV- 110,Pennsylvania Ave. and 2nd St. S.W.,DDOT,,,,,,,,,,,,,,DDOT CCTV,399698.1657,135539.3897,38.887651,-77.003518
436,111,CCTV- 111,Pennsylvania Ave. and 9th St. N.W.,DDOT,,,,,,,,,,,,,,DDOT CCTV,397919.1135,136230.7461,38.893869,-77.023966
437,112,CCTV- 112,Pennsylvania Ave. and 28th St. N.W.,DDOT,,,,,,,,,,,,,,DDOT CCTV,402801.8379,133832.4867,38.87231,-76.967784
438,113,CCTV- 113,Pennsylvania Ave. and Branch Ave. S.E.,DDOT,,,,,,,,,,,,,,DDOT CCTV,403437.5596,133500.7446,38.869291,-76.960383
439,114,CCTV- 114,Pennsylvania Ave. and Minnesota Ave. S.E.,DDOT,,,,,,,,,,,,,,DDOT CCTV,402542.2691,133961.131,38.873422,-76.970722
440,115,CCTV- 115,Piney Branch Rd. & Eastern Ave. N.W.,DDOT,,,,,,,,,,,,,,DDOT CCTV,398397.5494,145594.2895,38.978285,-77.018538
441,116,CCTV- 116,Rhode Island Ave. & S. Dakota Ave. N.E.,DDOT,,,,,,,,,,,,,,DDOT CCTV,402471.4126,140377.4078,38.931224,-76.971474
442,117,CCTV- 117,Rhode Island Ave. and 18th St. N.E.,DDOT,,,,,,,,,,,,,,DDOT CCTV,401809.991,139977.4786,38.927739,-76.979123
443,118,CCTV- 118,Rhode Island Ave. and Eastern Ave.,DDOT,,,,,,,,,,,,,,DDOT CCTV,403164.4994,140824.8331,38.935234,-76.963496
444,119,CCTV- 119,Roosevelt Bridge,DDOT,,,,,,,,,,,,,,DDOT CCTV,395213.3787,136143.8393,38.893015,-77.055206
445,121,CCTV- 121,Route 50,DDOT,,,,,,,,,,,,,,DDOT CCTV,404742.5896,138935.2775,38.918189,-76.945375
446,122,CCTV- 122,S. Capitol and Atlantic St,DDOT,,,,,,,,,,,,,,DDOT CCTV,399332.2617,129299.3198,38.831431,-77.007678
447,123,CCTV- 123,S. Capitol and I St.,DDOT,,,,,,,,,,,,,,DDOT CCTV,399195.0135,134604.4235,38.879357,-77.009314
448,124,CCTV- 124,S. Capitol and M St.,DDOT,,,,,,,,,,,,,,DDOT CCTV,399211.1937,137538.1626,38.905642,-77.00912
449,125,CCTV- 125,S. Capitol St. and Suitland Pkwy. SE,DDOT,,,,,,,,,,,,,,DDOT CCTV,399851.6819,132944.4212,38.864243,-77.001815
450,126,CCTV- 126,S.Capitol and Firth Sterling,DDOT,,,,,,,,,,,,,,DDOT CCTV,399713.9436,132544.6795,38.860653,-77.003375
451,127,CCTV- 127,S.E. Frwy. & Sousa Br./Penn. Ave.S.E.,DDOT,,,,,,,,,,,,,,DDOT CCTV,401848.3419,134387.7866,38.877185,-76.978728
452,128,CCTV- 128,South Capitol and Southern Ave.,DDOT,,,,,,,,,,,,,,DDOT CCTV,407503.2818,135766.5257,38.88969,-76.913525
453,129,CCTV- 129,Southern Ave. and Branch Ave. S.E.,DDOT,,,,,,,,,,,,,,DDOT CCTV,403644.8664,131901.8551,38.854894,-76.958083
454,130,CCTV- 130,Suitland Pkwy. & Firth Sterling Ave. SE,DDOT,,,,,,,,,,,,,,DDOT CCTV,400190.7,132720.8357,38.862319,-76.997799
455,131,CCTV- 131,Virginia Ave. and E St. N.W.,DDOT,,,,,,,,,,,,,,DDOT CCTV,395854.2396,136475.4718,38.896003,-77.047871
456,132,CCTV- 132,Washington Circle,DDOT,,,,,,,,,,,,,,DDOT CCTV,395558.1461,137207.3747,38.902614,-77.051343
457,133,CCTV- 133,Wisc. Ave. & Mass. Ave. N.W.,DDOT,,,,,,,,,,,,,,DDOT CCTV,393654.5397,140094.9973,38.928623,-77.073192
458,134,CCTV- 134,Wisc. Ave. & Tenley Cr./ Neb. Ave. N.W.,DDOT,,,,,,,,,,,,,,DDOT CCTV,393142.8781,142046.7511,38.9462,-77.079115
459,135,CCTV- 135,Wisconsin Ave. and Calvert St. N.W.,DDOT,,,,,,,,,,,,,,DDOT CCTV,393680.4494,139403.8832,38.922545,-77.072904
460,136,CCTV- 136,Wisconsin Ave. and Ellicott N.W.,DDOT,,,,,,,,,,,,,,DDOT CCTV,392900.21,142846.4691,38.953364,-77.081936
461,137,CCTV- 137,Wisconsin Ave. and M St. N.W.,DDOT,,,,,,,,,,,,,,DDOT CCTV,394552.4395,137492.5694,38.905159,-77.062818
462,138,CCTV- 138,Wisconsin Ave. and Q St. N.W.,DDOT,,,,,,,,,,,,,,DDOT CCTV,394351.7109,138116.0472,38.910789,-77.065125
463,98,CCTV- 98,Macarthur Blvd. And Arizona Ave. N.W.,DDOT,,,,,,,,,,,,,,DDOT CCTV,390981.7547,139941.7563,38.927321,-77.10408
464,99,CCTV- 99,Macarthur Blvd. And Loughboro Rd. N.W.,DDOT,,,,,,,,,,,,,,DDOT CCTV,390331.9323,140877.5335,38.935735,-77.11152
465,139,CCTV- 139,Wisconsin Ave. and Western Ave. N.W.,DDOT,,,,,,,,,,,,,,DDOT CCTV,392668.2777,143761.3687,38.961641,-77.08464
466,100,CCTV- 100,Mass. Ave. & Whitehaven Rd. NW,DDOT,,,,,,,,,,,,,,DDOT CCTV,394876.3095,138935.515,38.91834,-77.05913
467,101,CCTV- 101,Michigan Ave. & Harewood Rd. N.E.,DDOT,,,,,,,,,,,,,,DDOT CCTV,399915.3263,140377.0224,38.931207,-77.000978
468,102,CCTV- 102,N. Cap. St. & Rhode Island  Ave. N.W.,DDOT,,,,,,,,,,,,,,DDOT CCTV,399211.3152,138757.7355,38.916679,-77.009142
469,103,CCTV- 103,N. Capitol and H St.,DDOT,,,,,,,,,,,,,,DDOT CCTV,399227.0175,136941.9262,38.900226,-77.008983
470,104,CCTV- 104,N. Capitol St. and New York Ave,DDOT,,,,,,,,,,,,,,DDOT CCTV,399168.8601,137714.3273,38.907214,-77.009596
473,176,CCTV,1200 block Meigs Place NE,MPD, , , , , , , , , , , , , ,Neighborhood,401233.09820021,137799.90059892,38.908058,-76.985783
474,177,CCTV,14th St & Saratoga Ave,MPD, , , , , , , , , , , , , ,Neighborhood,401211.86680035,139379.32379902,38.922286,-76.986025
475,178,CCTV,1st St & O St NW,MPD, , , , , , , , , , , , , ,Neighborhood,398942.55140008,137898.22850014,38.908944,-77.012192
476,179,CCTV,North Capitol & Seaton PL NW,MPD, , , , , , , , , , , , , ,Neighborhood,399208.10670108,138554.14530085,38.914853,-77.009131
477,180,CCTV,1700 block Lincoln Road NE,MPD, , , , , , , , , , , , , ,Neighborhood,399279.64109901,138395.95160097,38.913428,-77.008306
478,181,CCTV,1800 block Benning Road NE,MPD, , , , , , , , , , , , , ,Neighborhood,401977.5249997,136804.97500064,38.899094,-76.977203
479,182,CCTV,18th Place & M St NE,MPD, , , , , , , , , , , , , ,Neighborhood,401979.074301,137547.5084002,38.905783,-76.977183
480,63,Columbia Road Apartments,1475 Columbia Rd NW,DCHA, , , , , , , ,11, , , , , , ,396957.32999377,139968.97000158,38.92759329,-77.03509006
481,64,Fort Lincoln Apartments,2855 Bladensburg Rd NE,DCHA, , , , , , ,6,20, , , , , , ,403387.21999666,140020.9500015,38.92806028,-76.96093611
482,65,Garfield Terrace,2301 11th Street NW,DCHA, , , , , , ,22, , , , , , , ,397760.49999538,139291.00000402,38.92148833,-77.02582517
483,66,Garfield Senior,2301 11th Street NW,DCHA, , , , , , ,9,15, , , , , , ,397760.49999538,139291.00000402,38.92148833,-77.02582517
484,67,Greenleaf Senior,1200 Delaware Ave SW,DCHA, , , , , , ,7,49, , , , , , ,398849.5600014,134233.64999543,38.875932,-77.01325802
485,68,Horizon House,1170 12th St NW,DCHA, , , , , , ,4,30, , , , , , ,397545.52999398,137506.16000136,38.90540932,-77.02829775
486,69,James Apartments,1265 Half Street SW,DCHA, , , , , , ,4,36, , , , , , ,399057.5299973,134106.35000432,38.87478548,-77.01086114
487,70,Judiciary House,461 H St NW,DCHA, , , , , , ,5,36, , , , , , ,398440.68999817,136908.12000035,38.90002401,-77.01797603
488,71,Kelly Miller,2125 4th St NW,DCHA, , , , , , ,64, , , , , , , ,398490.76999589,139039.13000207,38.91922096,-77.01740338
489,72,Ledroit Apartments,2125 4th St NW,DCHA, , , , , , ,4,32, , , , , , ,398490.76999589,139039.13000207,38.91922096,-77.01740338
490,73,Lincoln Road Apartments,11 R St NE,DCHA, , , , , , ,4,11, , , , , , ,399271.15999694,138279.39999852,38.91237806,-77.00840367
491,74,Park Morton,617 Morton St NW,DCHA, , , , , , ,51, , , , , , , ,398080.92999988,140495.42999697,38.93233897,-77.02213344
492,75,Regency House Apartments,5201 Connecticut Ave NW,DCHA, , , , , , , ,31, , , , , , ,393835.50000222,143332.98999581,38.95788098,-77.07112326
493,76,Sibley Plaza,1140 North Capitol St NW,DCHA, , , , , , ,5,49, , , , , , ,399177.09999726,137473.67999525,38.90511977,-77.00948723
494,77,UCC,2700 Martin Luther King Jr Ave SW,PSD, , , , , , ,46,29, , ,75, , , ,400417.52430803,131789.10975902,38.85391123,-76.99518981
495,78,Greenleaf Gardens/Family (Enhancement Center),203 N St SW,DCHA, , , , , , ,4,6, , , , , , ,398792.67999277,134136.07000131,38.87505289,-77.01391335
496,79,Building 825,825 North Capital NE,DCPS,2003, , , , , , ,28, , ,28, , , ,399267.36950187,137018.38000028,38.90101835,-77.00844603
497,163,CCTV,5th & O St NW,MPD, , , , , , , , , , , , , ,Neighborhood,398346.77599999,137867.24820051,38.908664,-77.019061
498,164,CCTV,7th & O St NW,MPD, , , , , , , , , , , , , ,Neighborhood,398088.05230054,137874.74400103,38.908731,-77.022044
499,165,CCTV,9th & T St NW,MPD, , , , , , , , , , , , , ,Neighborhood,397924.43330082,138714.34070065,38.916294,-77.023933
500,166,CCTV,Georgia Ave & Morton St NW,MPD, , , , , , , , , , , , , ,Neighborhood,397937.11529899,140455.9499002,38.931983,-77.023792
501,167,CCTV,Sherman & Harvard St NW,MPD, , , , , , , , , , , , , ,Neighborhood,397759.21199923,139897.29190101,38.92695,-77.025842
502,80,Fletcher Johnson Middle School,4650 Benning Road SE,DCPS, , , , , , ,4,24, , ,28, , ,DCPS,405742.68049586,135126.89000575,38.88396066,-76.93381215
503,84,Mary Reed Elementary School,1250 Constitution Avenue NE,DCPS,2003, , , , , ,7,7, , ,14, , ,DCPS,400984.00049965,136037.81999941,38.89218486,-76.9886575
504,85,McGogney Elementary School,3400 Wheeler Road SE,DCPS,2003, , , , , , ,14, , ,14, , ,DCPS,400604.46048788,130274.71001273,38.84026874,-76.99303749
505,86,Shadd Elementary School,5601 E Capitol Street SE,DCPS,2003, , , , , ,3,11, , ,14, , ,DCPS,406789.33049838,135740.32000358,38.8894792,-76.92174282
506,87,Terrell Junior High School,1000 1st Street NW,DCPS,2003, , , , , , ,25, , ,25, , ,DCPS,398901.7004991,137317.15000024,38.90370939,-77.01266207
507,88,Van Ness Elementary School,100 L Street NW,DCPS,1999, , , , , ,1,13, , ,14, , ,DCPS,398870.4305002,137323.6499998,38.90376791,-77.01302258
508,91,Janney Elementary School,4130 ALBEMARLE STREET NW,DCPS,2003,0,1,0,1,1,5,9,0,14,60,32,18,DCPS,392978.88049337,142186.87999596,38.94755009,-77.08099482
509,92,Stoddert Elementary School,4001 CALVERT STREET NW,DCPS,2003,0,1,0,1,1,5,10,0,15,46,32,17,DCPS,393143.05049508,139466.37999823,38.92304431,-77.07907379
510,183,CCTV,18th St & M St NE,MPD, , , , , , , , , , , , , ,Neighborhood,401890.60490103,137538.27310015,38.9057,-76.978203
511,54,CCTV- 54,27th St/ Whitehurst Freeway and K St. N.W.,DDOT,,,,,,,,,,,,,,DDOT CCTV,395134.5958,137187.2974,38.902498,-77.056132
512,55,CCTV- 55,Alabama Ave. and Branch Ave. S.E.,DDOT,,,,,,,,,,,,,,DDOT CCTV,403559.7551,132674.2056,38.861916,-76.958988
513,56,CCTV- 56,Benn. Rd. & Kennil. Ramp N.E.,DDOT,,,,,,,,,,,,,,DDOT CCTV,403971.0485,136448.2807,38.895873,-76.954218
514,184,CCTV,21st St & Maryland Ave NE,MPD, , , , , , , , , , , , , ,Neighborhood,402237.86510076,137353.64609987,38.904036,-76.9742
515,185,CCTV,3700 block 12th St NE,MPD, , , , , , , , , , , , , ,Neighborhood,400755.51299986,140813.16520005,38.935203,-76.991286
516,187,CCTV,4th St & W St NE,MPD, , , , , , , , , , , , , ,Neighborhood,399959.3280988,139045.31780016,38.919278,-77.000469
517,188,CCTV,14th St & Good Hope Rd SE,MPD, , , , , , , , , , , , , ,Neighborhood,401280.58699902,133227.05400012,38.866864,-76.985244
518,189,CCTV,1500 block Kenilworth Ave NE,MPD, , , , , , , , , , , , , ,Neighborhood,405591.68780078,138128.03230019,38.910997,-76.935528
519,190,CCTV,28th St & Texas Ave SE,MPD, , , , , , , , , , , , , ,Neighborhood,402806.91120058,133327.90940081,38.867769,-76.967656
520,191,CCTV,18th St & T St SE,MPD, , , , , , , , , , , , , ,Neighborhood,401814.29669882,133283.54999977,38.867372,-76.979094
521,192,CCTV,300 block 50th St NE,MPD, , , , , , , , , , , , , ,Neighborhood,406135.96559925,136280.48349924,38.89435,-76.929269
522,193,CCTV,3800 block Minnesota Ave NE,MPD, , , , , , , , , , , , , ,Neighborhood,404227.56629895,136061.21529985,38.892386,-76.951269
523,194,CCTV,4400 block Quarles St NE,MPD, , , , , , , , , , , , , ,Neighborhood,405529.30059893,138168.06249887,38.911358,-76.936247
524,195,CCTV,4700 block Alabama Ave SE,MPD, , , , , , , , , , , , , ,Neighborhood,405278.28779903,134808.12400047,38.881092,-76.939167
525,196,CCTV,5000 block Benning Rd SE,MPD, , , , , , , , , , , , , ,Neighborhood,405934.36490047,134532.84540111,38.878608,-76.931608
526,197,CCTV,5000 block of Call Place SE,MPD, , , , , , , , , , , , , ,Neighborhood,406203.29529883,135158.69070116,38.884244,-76.928503
527,198,CCTV,5100 block Fitch St SE,MPD, , , , , , , , , , , , , ,Neighborhood,406124.82299899,134759.66799915,38.88065,-76.929411
528,57,CCTV- 57,Benning Rd. and East Capitol,DDOT,,,,,,,,,,,,,,DDOT CCTV,405422.2593,135785.1537,38.889886,-76.937566
529,3,River Terrace Elementary School,420 34TH STREET NE,DCPS,2003,0,1,0,1,1,4,10,0,14,31,32,18,DCPS,403660.17049757,136398.66999646,38.89542846,-76.95780755
530,4,Kimball Elementary School,3375 MINNESOTA AVENUE SE,DCPS,2003,0,1,0,1,1,7,7,0,14,20,32,18,DCPS,403681.18049779,135028.21000242,38.88308276,-76.9575727
531,81,Kramer Annex,1700 Q Street SE,DCPS,1999, , , , , ,6,8, , ,14, , , ,401720.71049794,133718.01999988,38.87128607,-76.9801713
532,82,Lewis Elementary School,300 Bryant Street NW,DCPS,2003, , , , , ,2,12, , ,14, , ,DCPS,398648.83049741,139173.32999895,38.92043014,-77.015581
533,83,Logan Center,215 G Street NE,DCPS,2003, , , , , ,9,19, , ,14, , , ,399777.36962469,136742.11962673,38.89852997,-77.00256647
534,5,Marshall Educational Center,3100 FORT LINCOLN DRIVE NE,DCPS,2003,0,1,0,1,1,7,7,0,14,14,32,18,DCPS,403688.39549287,139927.46300244,38.92721691,-76.95746324
535,12,Benning Elementary School,100 41ST STREET NE,DCPS,2004,0,1,0,1,1,4,10,0,14,14,32,18,DCPS,404787.00049476,135910.05999786,38.89102147,-76.94482148
536,13,Ft. Davis Recreation Center,1400 41st ST. SE,DPR, , , , , , ,4,3,0, ,7, , ,DPR,404826.21049957,133596.47000183,38.87017954,-76.94438576
537,14,Kenilworth Elementary School,1300 44TH STREET NE,DCPS,2003,0,1,0,1,1,1,13,0,14,14,32,18,DCPS,405161.97049425,137820.44000414,38.90822873,-76.94048494
538,15,Plummer Elementary School,4601 TEXAS AVENUE SE,DCPS,1999,1,0,0,1,2,2,12,0,14,14,14,0,DCPS,405211.23049758,135490.54000257,38.88723986,-76.93993467
539,16,Smothers Elementary School,4400 BROOKS STREET NE,DCPS,2003,0,1,0,1,1,3,11,0,14,14,32,18,DCPS,405337.95050144,136191.51000156,38.8935537,-76.93846863
540,58,CCTV- 58,Benning Rd. and Minnesota NE,DDOT,,,,,,,,,,,,,,DDOT CCTV,404405.2654,136360.4303,38.895105,-76.94922
541,59,CCTV- 59,Canal Rd. and Foxhall Rd. N.W.,DDOT,,,,,,,,,,,,,,DDOT CCTV,393139.0151,137588.5236,38.906021,-77.079156
542,60,CCTV- 60,Canal Road and Chain Bridge Road NW,DDOT,,,,,,,,,,,,,,DDOT CCTV,390304.7597,140294.879,38.930354,-77.11182
543,17,Davis Elementary School,4430 H STREET SE,DCPS,1999,1,0,0,1,1,2,12,0,14,14,14,0,DCPS,405412.9904924,134583.52999983,38.87906795,-76.9376163
544,142,CCTV,1500 block 1st St SW,MPD, , , , , , , , , , , , , ,Neighborhood,398948.33719959,133787.27469976,38.871911,-77.012119
545,143,CCTV,15th & East Capitol St SE,MPD, , , , , , , , , , , , , ,Neighborhood,401428.79040051,135765.15700106,38.889728,-76.983531
546,144,CCTV,18th & D St NE,MPD, , , , , , , , , , , , , ,Neighborhood,401827.30880046,136315.94889884,38.894689,-76.978936
547,145,CCTV,19th St & Rosedale St NE,MPD, , , , , , , , , , , , , ,Neighborhood,401987.03979885,136567.30930039,38.896953,-76.977094
548,146,CCTV,200 block of K St SW ,MPD, , , , , , , , , , , , , ,Neighborhood,398776.54199883,134513.17769909,38.87845,-77.0141
549,452, 10S,"I-395, CAMERA DIR - SOUTH",DDOT, , , , , , , , , , , , , , ,398760.68263795,135602.26697255,38.88826091,-77.01428474
550,453,3N,"I-395, CAMERA DIR - NORTH",DDOT, , , , , , , , , , , , , , ,398800.35698091,135535.06349202,38.88765557,-77.01382732
551,454,12S,"I-395, CAMERA DIR - SOUTH",DDOT, , , , , , , , , , , , , , ,398823.02803438,135389.32100298,38.8863427,-77.01356576
552,455,Takoma Community Center,300 Van Buren St. NW,DPR, , , , , , ,1,7,0, ,8, , ,DPR,398435.64049706,144552.48000131,38.96888669,-77.01805167
553,456,Harvard Towers,1845 Harvard St NW,DCHA, , , , , , ,8,41, , , , , , ,396251.07999341,140058.04000325,38.92839293,-77.04323548
554,457,Knox Hill,2700 Jasper St SE,DCHA, , , , , , , ,37, , , , , , ,402672.64999531,131606.42999608,38.85226161,-76.96920978
555,458,Potomac Gardens,1225 G Street SE,DCHA, , , , , , ,19, , , , , , , ,400934.82999422,134805.89000253,38.88108722,-76.98922596
556,459,DCHA HQ,1133 North Capitol St NE,DCHA, , , , , , ,5, , , , , , , ,399284.90999769,137468.43999668,38.90507266,-77.00824428
557,460,Evans Middle School,5600 East Capitol St NE,DCPS,1999, , , , , ,7,44, , ,51, , ,DCPS,406885.3404989,135830.53000023,38.8902911,-76.92063526
558,461,Logan Annex,215 G Street NE,DCPS,2003, , , , , ,8,6, , ,14, , , ,399777.36962469,136742.120376,38.89852998,-77.00256647
559,462,Phelps High School,704 26TH Street NE,DCPS,1999, , , , , ,10,79, , ,51, , ,DCPS,402437.63949993,137126.77000013,38.90199169,-76.97189764
560,463,Wheatley Elementary School,1375 Mount Olivet Road NE,DCPS,1999, , , , , , ,14, , ,74, , ,DCPS,401636.15049704,137801.70999878,38.90807364,-76.98113601
561,465,Eaton Elementary School,3301 LOWELL STREET NW,DCPS,2005,0,0,1,1,2,7,18,0,25,25,32,7,DCPS,394293.04049521,140540.29999581,38.93272674,-77.06582113
562,468,1N,"I-395, CAMERA DIR - NORTH",DDOT, , , , , , , , , , , , , , ,398905.61544467,135326.97560411,38.88578118,-77.01261376
563,469,6S,"I-395, CAMERA DIR - SOUTH",DDOT, , , , , , , , , , , , , , ,398767.1600818,136090.90914807,38.89266279,-77.01421096
564,6,Beers Elementary School,3600 ALABAMA AVENUE SE,DCPS,2003,0,1,0,1,1,5,9,0,14,14,32,18,DCPS,403852.9404954,132948.75999543,38.86434951,-76.95560474
565,8,Thomas Elementary School,650 ANACOSTIA AVENUE NE,DCPS,2003,0,1,0,1,1,2,12,0,14,14,32,18,DCPS,404154.01050134,137048.33000128,38.90127864,-76.95211091
566,203,CCTV,2300 block Pitts Place SE,MPD, , , , , , , , , , , , , ,Neighborhood,401245.7396993,132421.57939965,38.859608,-76.985647
567,205,CCTV,2400-2500 block Elvans Rd SE,MPD, , , , , , , , , , , , , ,Neighborhood,400889.00049958,131826.42180022,38.854247,-76.989758
568,206,CCTV,4200 block of 4th St SE,MPD, , , , , , , , , , , , , ,Neighborhood,399937.74089918,128793.77480051,38.826928,-77.000717
569,207,CCTV,Ainger & Langston Places SE,MPD, , , , , , , , , , , , , ,Neighborhood,402449.82439919,132122.47370108,38.856911,-76.971775
570,61,CCTV- 61,Connecticut Ave. and Calvert  St. N.W.,DDOT,,,,,,,,,,,,,,DDOT CCTV,395532.9902,139538.1295,38.923556,-77.051526
571,105,CCTV- 105,New York Ave. and Bladensburg Rd. NE,DDOT,,,,,,,,,,,,,,DDOT CCTV,402376.6205,138825.8071,38.91725,-76.972603
572,208,CCTV,Congress St & Savannah Pl SE,MPD, , , , , , , , , , , , , ,Neighborhood,401255.66830034,130561.99019999,38.842856,-76.985536
573,209,CCTV,Stevens & Wade Roads SE,MPD, , , , , , , , , , , , , ,Neighborhood,400169.24939944,132275.61979976,38.858294,-76.99805
574,210,CCTV,"Wisconsin Ave & M Street, NW",MPD, , , , , , , , , , , , , ,Homeland Security,394536.49660001,137494.86299959,38.905294,-77.062989
575,211,CCTV,"3600 block of M Street, NW",MPD, , , , , , , , , , , , , ,Homeland Security,393966.44320002,137475.29539947,38.905114,-77.069561
576,212,CCTV,200 block of Constitution Ave NW,MPD, , , , , , , , , , , , , ,Homeland Security,398705.90639916,136077.17690094,38.892539,-77.014917
577,213,CCTV,19th St & Dupont Cir NW,MPD, , , , , , , , , , , , , ,Homeland Security,396211.24479993,137902.83860039,38.908978,-77.043683
578,214,CCTV,1300 block of Wisconsin Ave NW,MPD, , , , , , , , , , , , , ,Homeland Security,394508.96429997,137692.25459931,38.907072,-77.063308
579,470,7S,"I-395, CAMERA DIR - SOUTH",DDOT, , , , , , , , , , , , , , ,398765.54071961,135980.38776027,38.89166717,-77.01422942
580,471,6N,"I-395, CAMERA DIR - NORTH",DDOT, , , , , , , , , , , , , , ,398776.0665677,135888.08418421,38.89083568,-77.01410793
581,472,5N,"I-395, CAMERA DIR - NORTH",DDOT, , , , , , , , , , , , , , ,398778.49560732,135777.15795891,38.88983642,-77.01407973
582,473,11S,"I-395, CAMERA DIR - SOUTH",DDOT, , , , , , , , , , , , , , ,398781.73432924,135495.38914662,38.88729815,-77.0140419
583,474,2N,"I-395, CAMERA DIR - NORTH",DDOT, , , , , , , , , , , , , , ,398845.69909029,135428.99534595,38.88670013,-77.01330452
584,106,CCTV- 106,New York Ave. and Montana Ave. N.E.,DDOT,,,,,,,,,,,,,,DDOT CCTV,401889.6628,138778.248,38.916887,-76.978288
585,107,CCTV- 107,Pennsylvania Ave. & 8th St. S.E.,DDOT,,,,,,,,,,,,,,DDOT CCTV,400434.2397,135139.6487,38.88408,-76.994973
586,108,CCTV- 108,Pennsylvania Ave. & Alabama Ave. S.E.,DDOT,,,,,,,,,,,,,,DDOT CCTV,404226.9814,133101.3805,38.865595,-76.951304
587,481,Thomson Elementary School,1200 L STREET NW,DCPS,2006,0,1,0,1,2,3,20,0,23,24,32,9,DCPS,397533.99050131,137293.7700013,38.903496,-77.02843003
588,484,LaSalle Elementary School,501 RIGGS ROAD NE,DCPS,1999,1,0,0,1,1,3,11,0,14,16,14,0,DCPS,400010.18049331,143562.6900036,38.95997181,-76.99988254
589,485,M.L. King Elementary School,3200 6TH STREET SE,DCPS,1999,0,1,0,1,1,2,12,0,14,14,32,18,DCPS,400152.88049654,130516.02999803,38.84244285,-76.99823898
590,486,Rudolph Elementary School,5200 2ND STREET NW,DCPS,2003,0,1,0,1,1,4,10,0,14,14,32,18,DCPS,398802.19049339,142887.48999883,38.95388861,-77.01381902
591,487,King Greenleaf Recreation Center,201 N St. SW,DPR, , , , , , ,2, ,4, ,6, , ,DPR,398889.93949731,134131.94000049,38.87501581,-77.01279251
592,489,Lamond Recreation Center,20 Tuckerman St. NE,DPR, , , , , , , , ,0, ,15, , ,DPR,399286.42950124,144429.41000346,38.96777915,-77.008234
593,199,CCTV,5300 block Clay Terrace NE,MPD, , , , , , , , , , , , , ,Neighborhood,406618.37759958,136291.30669977,38.894444,-76.923708
594,200,CCTV,2600 block Birney Place SE,MPD, , , , , , , , , , , , , ,Neighborhood,400266.89880004,132113.44089883,38.856833,-76.996925
595,201,CCTV,13th Pl SE & Congress St SE,MPD, , , , , , , , , , , , , ,Neighborhood,401087.08980098,130467.27640101,38.842003,-76.987478
596,202,CCTV,1500 Block of Butler St SE,MPD, , , , , , , , , , , , , ,Neighborhood,401400.98139894,132596.21969944,38.861181,-76.983858
597,215,CCTV,Pennsylvania Ave & 15th St NW,MPD, , , , , , , , , , , , , ,Homeland Security,397110.77589947,136541.38920075,38.896717,-77.033306
598,109,CCTV- 109,Pennsylvania Ave. & Southern Ave. S.E.,DDOT,,,,,,,,,,,,,,DDOT CCTV,404624.3726,132898.342,38.863767,-76.946692
599,62,CCTV- 62,Connecticut Ave. and Cathedral N.W.,DDOT,,,,,,,,,,,,,,DDOT CCTV,395300.4026,140026.0948,38.928074,-77.054177
600,63,CCTV- 63,Connecticut Ave. and Florida Ave. N.W.,DDOT,,,,,,,,,,,,,,DDOT CCTV,396003.521,138514.7901,38.914429,-77.04607
601,246,DC-DMV @ 1233 Brentwood Road,"1233 Brentwood Road, NE",PSD, , , , , , ,2,13, , ,15, , ,DMV,400935.59049524,139181.30000453,38.92050247,-76.98921123
602,247,"DC-DMV @ 301 C Street, NW","301 C Street, NW",PSD, , , , , , ,29, , , ,29, , ,DMV,398565.82049599,136228.17999811,38.89389907,-77.01653208
603,248,"DC-DMV @ 95 M Street, SW","95 M Street, SW",PSD, , , , , , ,8,24, , ,32, , ,DMV,398972.81049358,134387.20999817,38.87731548,-77.01183787
604,249,"CFSA @ 400 6th Street, SW","400 6th Street, SW",PSD, , , , , , ,6,21, , ,27, , , ,398316.61950187,135186.05999777,38.88451082,-77.01940212
605,250,"DHS @ 1207 Taylor Street, NW","1207 Taylor Street, NW",PSD, , , , , , ,3,7, , ,10, , , ,397637.7804965,141468.80999671,38.94110639,-77.02724782
606,251,"DHS @ 2100 MLK Blvd, SE","2100 Martin Luther King Jr. Ave, SE",PSD, , , , , , ,3,8, , ,11, , , ,400934.00949383,133068.70000437,38.86543792,-76.98923777
607,252,"DOES @ 609-625 H-Street, NE","609 H Street, NE",PSD, , , , , , ,4,12, , ,16, , , ,400174.18950098,136907.01999601,38.90001546,-76.99799191
608,253,"DMH @ 821 Howard Road, SE","821 Howard Road, SE",PSD, , , , , , ,6,3, , ,9, , , ,400169.36949788,132911.51000189,38.86402237,-76.99804846
609,254,"OCTO: ODC-2 @ 222 Mass Ave, NW","222 Mass Ave, NW",PSD, , , , , , ,5,5, , ,10, , , ,398706.71049606,136838.06999768,38.8993934,-77.01490916
610,255,Adams Elementary School,2000 Adams Place NE,DCPS,1999, , , , , ,2,12, , ,14, , ,DCPS,402059.6523363,139019.61111859,38.91904401,-76.97624959
611,256,Adams Place Bus Lot,2000 Adams Place NE,DCPS,1999, , , , , , ,5, , ,5, , , ,402143.50741293,138979.40662889,38.91868164,-76.97528276
612,257,Adams Place Warehouse,2000 Adams Place NE,DCPS,1999, , , , , ,4,10, , ,14, , , ,402059.6523363,139019.61111859,38.91904401,-76.97624959
613,258,DMH @ 1250 U-Street NW,1250 U Street NW,PSD, , , , , , , , , , , , , , ,397481.93949665,138760.4500009,38.91670821,-77.02903549
614,259,"DC General Health Campus, Bldg 1","1900 Massachusetts Avenue, SE",PSD, , , , , , , ,14, , ,14, , , ,402119.22949633,135264.83000036,38.88521947,-76.97557417
615,260,OCFO @ 301 C-Street,301 C Street NW,PSD, , , , , , , ,11, , ,11, , , ,398565.82049599,136228.17999811,38.89389907,-77.01653208
616,261,Transportation Bus Lot  - 5th Street,2115 5th Street NE,DCPS,2005,1,0,0,1,1,6,6,0,12,12,14,2, ,400070.47050081,138973.5200001,38.91863122,-76.99918739
617,262,Transportation Bus Lot - L Street,2nd Street & L Street SE,DCPS,1999,2,0,0,2,1,5,0,0,5,5,28,23, ,399715.46350019,134434.54299669,38.87774243,-77.00327917
618,263,William H. Rumsey Aquatic Center,635 Nth Carolina Ave. SE,DPR, , , , , , ,0,4,0, ,4, , ,DPR,400257.78950008,135416.13999821,38.88658505,-76.99702871
619,264,John Wilson Building,"1350 Pennsylvania Avenue, NW",PSD, , , , , , , ,36, , ,36, , , ,397280.14050128,136350.99000202,38.89500235,-77.03135287
620,265,DC-DMV @ Penn Branch,"3220 Pennsylvania Avenue, SE",PSD, , , , , , ,16, , , ,16, , ,DMV,403495.50049477,133555.82000284,38.86981964,-76.95972024
621,266,CCTV,100 Block M St NW,MPD, , , , , , , , , , , , , ,Neighborhood,398887.81446107,137533.08233394,38.90565457,-77.01282251
622,267,CCTV,Wisconsin Ave NW and M St NW,MPD, , , , , , , , , , , , , ,Homeland Security,394551.88585001,137481.82322877,38.90517663,-77.06281147
623,269,CCTV,600 block of I St NW,MPD, , , , , , , , , , , , , ,Neighborhood,398186.2296609,137001.8505242,38.90086788,-77.02090975
624,270,CCTV,14th & Parkwood Pl NW,MPD, , , , , , , , , , , , , ,Neighborhood,397162.03001037,140823.98000057,38.93529616,-77.03273286
625,271,CCTV,1300 block of Columbia Rd NW,MPD, , , , , , , , , , , , , ,Neighborhood,397302.28252462,139967.52751878,38.92758142,-77.03111184
626,272,CCTV,Kalorama & Champlain St NW,MPD, , , , , , , , , , , , , ,Neighborhood,396465.71874555,139109.35938977,38.9198478,-77.04075522
627,273,CCTV,Colorado & Kennedy St NW,MPD, , , , , , , , , , , , , ,Neighborhood,397102.74645892,143145.92960144,38.95621275,-77.03342644
628,274,CCTV,Wheeler Rd & Bellevue St SE,MPD, , , , , , , , , , , , , ,Neighborhood,401020.33999864,129429.27000529,38.83265225,-76.98824842
629,275,CCTV,Monttello Ave & Mt Olivet Rd NE,MPD, , , , , , , , , , , , , ,Safe Cities,401301.69001477,138037.71001396,38.91020017,-76.98499172
630,276,CCTV,Monttello Ave & Queen St NE,MPD, , , , , , , , , , , , , ,Safe Cities,401113.09001571,137689.41999725,38.90706291,-76.98716681
631,277,CCTV,Trinidad Ave & Meigs Pl NE,MPD, , , , , , , , , , , , , ,Safe Cities,401430.53001438,137698.81001264,38.90714704,-76.98350692
632,278,CCTV,Trinidad Ave & Mt Olivet Rd NE,MPD, , , , , , , , , , , , , ,Safe Cities,401542.63001472,137904.53999703,38.90900014,-76.98221402
633,279,CCTV,1500 block Levis St NE,MPD, , , , , , , , , , , , , ,Safe Cities,401551.99871992,137402.14905413,38.90447441,-76.98210714
634,280,CCTV,Bladensburg Rd & Neal St NE,MPD, , , , , , , , , , , , , ,Safe Cities,401533.51830398,137098.1047647,38.9017355,-76.98232088
635,281,CCTV,Holbrook St & Neal St NE,MPD, , , , , , , , , , , , , ,Safe Cities,401393.97001583,137174.57001275,38.90242456,-76.9839295
